source_id,target_id
2323,1829
509,1829
1723,1829
1265,2531
2183,2531
708,2531
2531,1265
66,1265
1630,1265
911,1265
2498,1265
1604,1858
2635,2351
2150,2351
1896,2351
1586,2351
977,2351
1854,1863
1248,1863
717,1863
2113,1502
1561,1502
2206,1502
218,1502
553,1972
1780,1005
810,1005
2173,1005
1835,2119
443,2119
1279,1686
615,1686
310,2271
1771,2271
786,1812
1763,1812
1225,1812
571,1812
200,971
2335,971
925,1704
1403,1704
1422,1704
237,1704
1942,1704
816,1295
261,1295
466,1295
28,1295
1010,2415
1306,2415
823,2415
1626,2415
1920,1560
755,1560
1691,1560
412,1560
663,1560
1831,720
234,720
761,720
2268,720
433,720
1290,2373
1590,1089
2182,1089
1876,1089
2162,1089
635,1089
1226,2685
1490,2685
1204,1680
543,1680
1383,1680
1700,1680
2198,1680
1165,924
1560,1920
2642,1920
882,1920
2534,1920
200,1920
2659,1920
2305,1920
1453,623
1214,623
195,623
2639,623
885,1428
2514,1428
670,1428
2601,1428
406,1428
2405,1960
2335,1960
973,1960
1708,1960
2281,1447
1253,190
2278,190
1184,431
1939,431
2062,431
2206,431
2088,431
2634,431
945,1570
583,86
374,86
1725,86
285,86
848,1909
1155,1909
2533,1909
654,1909
2567,1909
681,1909
1817,1909
15,1909
1711,1909
2062,2654
2284,2375
2243,2375
1911,2375
287,2247
22,2247
1612,2247
1283,2247
2292,2247
2151,2247
1585,2247
1374,2247
2014,1199
904,1199
1907,1199
1078,2185
685,2185
2584,2185
1873,2185
1680,1204
586,1204
2615,1204
794,1204
2484,1204
24,1204
1968,1204
12,2133
888,2133
1042,2133
147,1439
564,1439
2000,1439
1441,1439
204,2040
1783,2040
258,203
1253,203
832,203
568,203
1417,203
1205,203
165,96
1703,96
1142,96
1064,228
2349,228
2498,228
1671,228
1112,228
1942,228
1797,2345
67,2345
459,1978
2644,1978
882,617
1847,617
2139,617
572,617
911,617
2662,617
2413,617
148,617
177,617
911,613
1403,613
1518,2362
94,342
1337,342
1906,342
92,342
2669,342
600,342
2402,2045
822,2045
1872,2045
402,2045
2606,2045
1085,1231
2062,1231
1606,1231
1765,1544
251,1544
2014,1964
290,1964
1698,1964
575,1964
1241,1964
642,1964
2638,1964
1982,1964
2216,1964
496,1964
625,1964
2019,1964
2258,135
1147,135
364,135
1554,135
490,558
2357,1466
1015,610
2313,610
1445,610
1762,610
1360,610
1546,610
2062,610
353,610
522,610
1228,610
1199,2014
1964,2014
2442,2014
103,1222
121,1222
2206,1222
2088,1222
1607,1222
85,2108
282,173
2218,2622
401,2622
257,2622
132,858
178,858
1312,858
1241,858
2216,858
652,858
319,858
2019,858
490,858
1175,858
2522,1917
187,439
2575,439
2064,439
2614,2048
2062,2048
2498,2048
841,570
1651,570
565,570
1441,570
1603,570
791,570
1638,570
1448,131
1843,131
2588,1050
2498,1050
665,1050
1085,1378
2062,1378
692,62
1830,62
2424,62
2347,62
2145,62
2540,62
1183,62
2170,62
2062,62
371,62
532,62
2600,62
418,1859
2462,1859
1561,1859
1798,1859
2206,1859
434,1859
1097,1859
1341,1859
1175,1859
694,2232
1053,2232
1563,2232
1591,2232
2235,2232
1240,2232
1766,593
627,593
523,593
2502,1959
388,1959
2349,1106
2063,1106
212,1106
2007,2158
1841,2158
265,11
142,11
2476,11
533,1492
853,1492
13,1492
230,1492
1462,2093
2484,2093
2538,1086
1517,1086
2232,694
2272,694
1591,694
2235,694
656,694
2219,1928
2015,1928
2110,1928
1078,1538
1126,1538
1403,1538
264,1538
2040,204
1880,204
485,204
593,1766
2696,1766
857,1766
964,1766
1000,1766
487,1766
1275,1766
1207,1766
1398,1766
2638,1766
704,1766
2282,1766
169,1766
130,1766
121,1766
1557,1766
922,1766
2442,1766
1713,1766
582,1766
958,1766
1387,1766
1522,1766
268,1766
1101,1766
1393,1766
360,1766
195,1766
1521,1766
1415,1766
1373,1766
1091,1766
1159,1766
2060,1766
523,1766
1481,1766
1821,2267
2225,2267
480,2267
658,2267
1682,2267
1652,2267
832,2267
2651,2267
568,2267
445,2267
1592,2188
1727,2188
229,2188
2062,2188
2699,1178
1756,1178
779,1178
1489,1178
467,1178
1970,1178
1871,2017
1991,2017
2299,95
1720,95
2617,95
1932,95
1717,2031
2462,2031
2256,2031
1064,2031
1320,2031
2260,2031
1088,2031
1185,2031
2002,2031
1968,2031
1804,2031
1331,2581
260,2581
245,2581
1505,2581
889,2581
927,2581
1471,2581
426,2581
1280,2581
218,2581
319,2581
2121,2581
93,2581
2426,2581
150,2581
2606,2581
400,2581
2359,2581
2466,2581
2454,2581
1141,2581
2013,397
1888,1395
2144,1395
180,2455
1428,885
2514,885
670,885
2601,885
406,885
52,885
218,500
2471,500
810,1364
2062,1364
2528,1364
455,394
38,394
548,394
724,394
1055,394
1067,394
867,394
1402,394
1831,2458
950,2458
1934,2458
2506,2458
2039,2458
1430,2458
1765,330
1712,330
2219,330
1339,330
610,1015
1695,1015
311,1015
1228,1015
845,1980
2054,1366
2370,1366
870,1366
668,1366
1404,1915
314,1915
947,1915
394,455
145,455
2164,455
2311,455
1598,455
1457,455
312,455
950,455
9,455
783,455
2686,455
1076,455
2583,455
420,455
2432,455
597,455
2391,455
1530,455
2524,455
175,455
276,455
498,455
2293,455
2482,455
249,455
1213,455
2543,455
744,455
1221,455
408,455
2151,455
1889,455
531,2036
219,2036
2111,2036
1296,2036
1117,2036
2053,341
1914,341
2062,341
174,341
1772,341
1540,341
950,1832
2318,1832
1055,1832
7,1832
2575,1550
2683,1550
2453,1550
420,2263
1882,2263
71,2263
1094,1026
2631,2330
1356,2330
396,1856
712,1856
2123,807
2071,807
2061,807
1420,807
250,807
99,807
1880,807
107,807
1897,807
446,807
968,807
364,807
1407,807
1770,807
360,807
141,807
1188,807
643,807
1479,807
2626,2337
2671,2337
1394,2337
2149,2337
2091,2337
2492,2337
1132,829
976,829
1359,829
1045,829
1047,829
1558,1019
40,1019
2399,1019
2439,1019
1168,1019
238,1019
1354,1019
1428,2514
885,2514
2601,2514
406,2514
1428,670
885,670
406,670
52,670
455,145
950,145
2620,145
1235,145
1060,145
1104,2042
2665,2042
1457,1656
950,1656
1401,1656
1055,1656
744,1656
1333,1656
52,2396
231,770
1633,770
2589,770
1876,770
1448,1696
1416,1696
1766,2696
2364,2696
2060,2696
58,1769
2702,1769
2626,1166
5,1166
1477,1166
1487,1166
2492,1166
455,2164
2371,2164
2473,2164
1055,2164
1616,2164
926,2164
390,2164
744,2164
2268,2164
674,226
2051,279
1889,279
2050,279
106,1329
279,2051
2050,2051
1878,2051
1400,2051
1457,1824
950,1824
224,1824
720,1831
2458,1831
950,1831
1631,1831
1802,1831
1055,1831
843,1831
744,1831
640,1673
2479,1673
2331,119
1595,119
1403,119
260,1754
1962,1754
319,1754
2476,1754
150,1754
1009,2226
882,2226
200,2226
1261,1923
1984,1923
1449,1923
1027,1923
1923,1261
1984,1261
2381,1261
1264,1261
1449,1261
707,1261
1813,2496
793,2496
305,2496
961,2496
1137,2496
2201,1584
236,1584
2610,1405
918,1405
377,1405
1847,1405
1371,1405
103,221
2206,221
310,221
1150,221
1291,1499
1495,1499
208,1499
2498,916
1953,916
2198,916
2190,916
203,258
2225,258
2198,258
1284,258
455,2311
1457,2311
950,2311
2686,2311
1055,2311
744,2311
1578,2387
1956,2387
183,2387
2700,2387
840,2387
2062,2387
1308,2387
2279,2387
687,2387
1992,2387
1017,2387
1093,2387
2188,1592
1727,1592
229,1592
2062,1592
1032,1592
1367,1592
347,1592
2188,1727
1592,1727
229,1727
2062,1727
1032,1727
347,1727
882,489
200,489
963,489
1342,489
1704,925
2406,925
200,925
1403,925
2406,1218
2181,1218
1134,2447
1738,2447
1398,2447
1488,2447
2498,2447
2098,2447
159,2447
1880,2643
360,2643
1766,857
1698,857
169,857
116,857
637,857
1978,459
290,1509
252,1509
882,2057
2044,2057
339,2057
373,2057
1274,609
2541,609
274,1424
1108,1424
1336,1424
1647,1424
1424,274
1336,274
2021,274
2038,1206
339,1206
1360,201
2062,201
2655,1814
273,1814
2246,1814
638,2184
2322,2184
803,2184
1733,2184
2094,2184
1327,247
937,247
2062,247
386,247
844,763
2062,763
1077,763
2324,763
1439,147
564,147
2689,147
1441,147
2697,147
2013,147
2034,147
455,1598
338,1598
1094,1598
1325,782
1746,782
1995,782
1615,782
2366,248
2509,513
338,513
2498,513
925,2406
1218,2406
2655,2406
273,2406
2630,2406
2582,2406
728,2406
259,2406
1938,2406
2203,2406
1651,1508
1254,1508
1850,1508
2179,1508
785,1304
1432,1304
1304,785
1432,785
672,785
1459,788
881,898
1641,898
914,2504
1787,2504
2001,2504
1666,2504
1751,2504
1943,2504
207,1311
1914,199
1096,199
425,2676
1590,2676
2111,2676
825,2676
1080,2401
2697,2401
987,1130
2506,1130
582,1130
1627,1130
2543,1130
2490,1130
799,762
1448,1849
1104,1849
1961,104
1074,104
723,104
1877,104
269,104
2031,1717
2118,1717
1078,176
1528,176
1489,176
513,2509
338,2509
1996,2509
669,1073
324,309
508,309
2518,2605
2172,2605
1920,2642
881,2642
1176,2642
882,2642
200,2642
2498,2642
854,2642
552,2515
1158,2515
2154,2515
1862,2515
2527,826
476,826
1253,826
2367,826
508,826
1000,2043
200,1063
508,1063
1050,2588
665,2588
2366,1079
1972,553
25,1121
1964,290
1509,290
1982,290
903,290
608,290
1702,290
1276,290
2369,290
305,290
1722,290
1509,252
2295,252
1557,252
1393,252
1435,252
170,359
1923,1984
1261,1984
1449,1984
1027,1984
790,1575
200,1706
2498,1706
744,1706
2210,2194
200,2194
1620,1674
2420,1674
421,1674
602,368
1064,368
566,368
1082,368
2582,368
2289,368
1455,368
2203,368
581,368
1817,368
1648,368
12,739
962,739
2210,739
1272,689
229,689
1197,689
229,240
473,1001
43,2112
2468,2112
1896,2112
2335,1834
1403,1834
2469,2425
200,337
1161,1912
1095,1912
217,1867
1588,1867
2062,1867
1695,1867
1067,1867
619,562
563,562
223,562
1779,562
1726,866
2066,866
2704,866
2205,866
2335,866
1598,338
513,338
2509,338
1999,338
335,338
1458,338
200,338
1189,338
2013,338
338,1999
254,1999
200,1999
1323,1999
2498,1999
770,231
420,2213
2445,2213
200,2072
455,1457
1656,1457
1824,1457
2311,1457
950,1457
1590,1457
946,1457
744,1457
1392,1457
298,1457
1333,1457
2329,452
1021,1983
858,132
1312,132
1657,132
1802,132
2412,132
1181,132
49,132
144,132
2526,132
1435,132
2019,132
2606,132
490,132
2184,638
2322,638
803,638
817,638
1733,638
1518,2663
583,1870
112,1870
1293,1870
1744,1870
1674,1620
1961,1620
421,1620
2383,1620
2341,1620
497,1277
1590,1277
2062,1277
1372,1277
411,2384
2616,2384
1622,313
2062,313
2281,313
2157,313
2536,530
502,2058
2169,2058
409,2058
696,2079
2453,2079
323,2079
1806,1286
2457,398
12,398
683,398
2444,398
962,398
2210,398
859,398
1681,462
1094,462
285,462
688,462
398,2457
12,2457
962,2457
12,270
576,270
807,2123
436,2123
1897,2123
1188,2123
803,838
11,265
850,265
2200,265
230,265
2267,1821
1253,1821
658,1821
2523,1821
2107,1821
1652,1821
2278,1821
1856,396
712,396
308,1816
972,507
2550,507
200,507
223,507
565,2483
1850,2483
1956,996
2214,996
1085,996
703,2231
1822,2231
589,2231
569,2231
1518,1271
1741,697
469,697
524,697
23,697
385,2075
2098,2075
811,2075
1332,2344
773,2344
1005,1780
198,1780
2612,1780
1362,1780
1601,1780
583,82
112,82
1136,82
2690,82
1744,82
609,1274
1965,1274
1732,1274
376,1274
1699,1274
1521,392
877,1049
1848,1049
46,1361
1946,1361
1940,836
818,836
1051,1887
2520,1887
1437,1887
2447,1134
1738,1134
1275,1134
1094,1134
508,1134
101,715
86,583
1870,583
82,583
1012,583
2602,583
2018,583
112,583
1136,583
643,583
1744,583
244,583
188,583
426,2022
1341,2022
1005,810
1364,810
544,810
117,810
1659,810
1455,810
1232,810
1195,810
439,187
2683,187
184,830
1654,830
694,2272
1053,2272
1563,2272
1591,2272
2235,2272
1240,2272
656,2272
2602,1564
1916,1564
1909,848
1528,848
2533,848
1239,951
673,1719
455,312
2062,312
2571,312
1805,699
531,699
1327,699
1318,699
520,699
1733,41
2491,1260
2560,2511
950,1154
2679,1154
1433,1764
931,1764
2214,3
1123,3
898,881
2642,881
882,881
2026,881
2210,881
913,134
2704,134
1229,134
2585,682
1565,682
1957,682
376,682
1699,682
1766,964
1000,964
1210,964
1914,2407
1772,2407
950,1966
645,1966
691,1966
2439,1966
83,1966
691,743
1616,743
2249,743
583,1012
2159,1012
1426,1012
188,1012
2206,1120
961,1120
2458,950
455,950
1832,950
145,950
1656,950
1824,950
1831,950
2311,950
1457,950
1154,950
1966,950
953,950
1501,950
645,950
2264,950
783,950
2473,950
1279,950
2318,950
1076,950
1869,950
250,950
1851,950
99,950
2506,950
182,950
2338,950
691,950
1657,950
1802,950
243,950
1094,950
1555,950
2432,950
1590,950
2439,950
1289,950
1549,950
38,950
2391,950
2620,950
1663,950
139,950
1401,950
946,950
295,950
1283,950
1057,950
975,950
2382,950
2041,950
1243,950
276,950
2039,950
498,950
2292,950
2286,950
2482,950
2046,950
827,950
2427,950
2488,950
765,950
1213,950
2199,950
744,950
1392,950
2090,950
298,950
7,950
1855,950
2430,950
1879,950
395,950
2607,950
1650,950
1688,950
581,950
2346,776
950,953
645,953
83,953
1616,953
744,953
778,461
864,461
97,461
1499,1291
1177,1291
1608,1291
1215,1291
873,1291
515,1291
166,1291
2059,1291
2126,1291
666,1291
2120,1291
1676,1291
2131,1291
413,1291
1734,1291
550,1291
1111,1291
711,942
800,942
1446,942
677,942
1372,1624
2571,1624
1332,1624
1169,980
1055,1894
2098,1894
108,501
853,501
218,501
900,501
706,501
2226,1009
882,1009
2512,1009
105,1009
2378,1009
87,1009
2668,1009
2244,1009
1189,1009
259,1009
1530,2547
2293,2547
455,9
2583,9
200,9
744,9
2189,1826
1186,1808
2569,1808
1780,198
242,198
136,198
1867,217
1964,1698
857,1698
487,1698
625,1698
463,1698
1665,113
2220,113
790,113
642,1840
2069,1840
2387,1578
2062,1578
1017,1578
2167,1527
1229,1527
2173,1527
162,1527
235,1527
699,1805
1573,1805
2154,1805
950,1501
827,1501
2411,1501
1178,2699
22,2699
467,2699
2442,929
1143,929
1265,66
1955,66
1641,66
1489,66
102,66
2062,1794
458,1794
2581,1331
245,1331
1651,1331
200,2287
2498,2287
2120,1976
1111,1976
2170,2633
2062,2633
1536,2633
224,2633
962,1352
2210,1352
804,1352
1643,1268
1256,771
445,771
721,1583
2062,1583
742,1583
1519,1583
744,1583
1590,680
1282,680
942,711
200,711
2125,749
1448,749
1888,749
2527,749
2217,749
2366,1997
874,1613
2062,1613
1492,533
108,533
853,533
1962,533
1808,1186
2566,1186
1875,1186
1654,1186
1728,1981
1345,1981
1907,1981
1966,645
950,645
953,645
674,645
2338,645
1055,645
1283,645
2039,645
664,645
2286,645
1855,645
2430,645
1650,645
1688,645
2335,943
1291,1177
2706,1177
2120,1177
2515,552
1158,552
1862,552
2481,552
2502,307
388,307
865,307
2097,1661
252,2295
487,2295
599,2295
627,2295
2009,2295
584,2142
2468,2142
2062,2142
2501,2142
1626,1002
2125,2025
1663,2025
499,2025
2386,839
2114,839
25,629
1088,1945
1662,1302
2387,1956
996,1956
2214,1956
183,1956
1010,1956
2555,1956
2062,1956
541,1956
1306,1956
1023,1956
1626,1956
1816,308
1376,308
1738,819
1488,819
1429,819
2498,819
253,120
773,120
1566,14
2309,14
1307,14
644,14
1715,14
91,14
2480,14
1617,2343
960,2343
770,1633
2557,1633
1534,1633
2440,1633
2182,1633
1463,1321
2563,1321
1534,1321
2440,1321
1518,1321
872,1321
635,1321
1693,2140
88,2140
1029,2140
505,2140
1502,2113
216,2113
1561,2113
1049,877
1287,877
1848,877
1993,877
2598,877
910,877
1761,877
1253,1793
1170,1793
1609,1793
2667,1793
689,1272
1034,1272
1429,1272
437,1068
1064,1068
1219,1068
1351,1068
1405,2610
377,2610
2337,2626
1166,2626
1477,2626
1487,2626
647,2626
2492,2626
1731,1113
156,1113
1568,1113
1405,918
1371,918
77,918
1130,987
1602,987
1403,987
461,778
1064,778
2448,778
864,778
1055,2102
1530,2102
2343,1617
646,1617
960,1617
291,1072
655,1072
1893,1072
338,335
1076,335
2507,335
807,2071
2674,2071
1823,2071
749,2125
2025,2125
1258,2125
1419,2125
2354,2125
1663,2125
805,2125
2500,2125
1498,1740
2048,2614
1451,2614
2498,2614
2082,2614
770,2589
1463,2589
2440,2589
1809,2589
1801,2589
2182,2589
2132,34
2066,1052
1223,1052
1868,1052
220,1052
1775,1052
2489,2233
2505,2233
28,2233
2205,2237
1690,2237
1955,2591
815,2591
1989,2591
1878,2591
1425,1255
45,1255
2164,2371
418,2371
890,2371
175,2371
1374,2371
2563,2513
1544,1765
330,1765
1064,1765
2219,1765
1989,1765
1873,1765
12,271
1803,271
962,271
2210,271
1469,271
284,271
1710,271
349,2467
1399,2467
384,2467
1580,2467
1077,2467
879,2467
935,2467
1180,2101
154,2101
1939,1390
2636,1390
961,1390
1137,1390
226,674
645,674
1233,674
1201,674
978,239
196,239
118,239
2470,239
501,108
533,108
1962,108
1505,108
2379,108
2471,108
239,978
1530,978
118,978
1855,978
504,206
775,206
1989,383
774,383
1903,383
1278,383
135,2258
364,2258
1554,2258
877,1287
1681,325
1766,1000
2043,1000
964,1000
1962,1000
1324,1000
1207,1000
1411,1000
2282,1000
1589,1000
169,1000
121,1000
2442,1000
1038,1000
582,1000
2494,1000
268,1000
1725,1000
1393,1000
1373,1000
523,1000
2606,1000
1076,702
200,702
950,2264
1590,2264
1067,2264
1403,2264
438,2264
1780,2612
1981,1728
309,324
508,324
92,1757
1658,1757
2047,17
1492,853
501,853
533,853
1962,853
13,853
286,1902
1602,1902
626,1160
455,783
950,783
2318,783
276,783
926,783
2286,783
249,783
1213,783
497,1013
2672,1013
14,1566
2309,1566
2546,1566
1875,1566
588,1566
2185,1078
1538,1078
176,1078
1998,1078
503,1078
605,1078
2584,1078
1910,1078
1443,1078
1742,1078
728,1078
880,1078
779,1078
2662,1078
127,1078
300,1078
1454,56
288,1259
233,1259
1800,232
2569,232
286,375
803,375
142,2065
1600,2065
2431,2065
1437,2065
2280,2065
453,481
1064,481
1707,481
1902,286
375,286
1132,286
487,286
769,286
1359,286
2632,286
1125,286
1338,286
1293,286
1628,286
922,286
382,286
323,286
1547,286
828,286
2641,286
2364,286
487,2077
1967,2077
1720,2077
2617,2077
512,2077
1967,606
642,606
637,606
496,606
2074,606
512,606
1914,1
1237,1
1448,591
1963,591
2284,591
2243,591
1911,591
1687,591
131,1448
1696,1448
1849,1448
749,1448
591,1448
1420,1448
2016,1448
1145,1448
1394,1448
2151,1448
1843,1448
176,1528
848,1528
1155,1528
2463,1528
2533,1528
2567,1528
15,1528
2089,1528
970,304
502,304
2169,304
1088,304
2493,934
2288,934
640,934
2479,934
2177,934
51,934
2115,934
1820,934
1506,540
2549,540
807,2061
956,2061
446,2061
135,1147
364,1147
1554,1147
2443,1147
703,2085
2114,2085
589,2085
569,2085
62,692
1973,692
1029,692
1517,692
478,185
77,185
2016,1510
1632,1510
1300,1510
2164,2473
950,2473
1452,2473
1055,2473
2677,1196
97,1196
2250,1196
807,1420
1448,1420
99,1420
1094,1420
1518,1420
2524,1420
560,1420
463,1420
81,1420
1638,1420
1836,1420
2325,2637
910,2637
631,2637
2581,260
1754,260
1962,260
418,260
2141,260
1280,260
93,260
2466,260
2117,260
799,260
342,94
1535,94
600,94
1658,94
2042,1104
1849,1104
2253,1104
1969,1104
2152,1104
578,1104
455,2686
2311,2686
1055,2686
118,2686
2498,68
191,68
2578,68
1602,486
1722,486
355,410
1383,161
1700,161
409,161
1088,161
2467,349
2393,349
823,349
321,349
1981,1345
2317,1345
1539,1345
508,1345
851,1345
1010,2701
1898,2701
2062,2701
587,2701
717,2701
2159,1861
200,1861
1679,1861
753,1507
1514,1507
387,1507
30,2433
851,2433
1996,2433
2183,2146
2527,2146
476,2146
809,2146
2367,2146
1651,468
1415,468
1481,468
2231,703
2085,703
2319,703
1822,703
1709,703
2572,703
1801,703
72,703
104,1961
1620,1961
10,1961
2383,1961
1468,2682
1767,2099
1686,1279
950,1279
2165,1279
862,1279
2498,1279
1113,1731
156,1731
1568,1731
976,340
323,340
982,340
1166,5
365,5
882,518
1327,518
2011,518
88,518
520,518
2148,518
2168,1381
1546,1381
2335,1381
1351,1381
368,602
273,602
728,602
2335,602
2010,602
1365,602
1006,602
746,602
2181,602
829,1132
286,1132
1359,1132
1047,1132
2458,1934
1869,1934
2620,1934
2155,1934
2039,1934
1392,1934
2081,1934
2108,85
995,85
1561,85
1767,85
481,453
237,453
1112,453
1942,453
1832,2318
950,2318
783,2318
182,2318
993,2318
2382,2318
276,2318
2304,2318
2286,2318
827,2318
2024,2318
7,2318
934,2493
1796,2493
2062,797
940,797
2693,797
1326,1511
1293,1511
121,1511
1051,1511
1033,1511
285,1511
2641,1511
1582,1511
2163,1511
2401,1080
2106,2625
2449,2625
2546,2625
1249,2625
77,2625
1384,2625
1348,2625
2614,1451
1238,1451
2526,1451
443,784
2475,277
1567,277
1027,277
564,2285
1681,2285
2403,2285
1175,678
1766,487
1698,487
2295,487
286,487
2077,487
1431,487
590,2197
1745,2197
76,1056
2062,1553
1318,1553
583,2602
1564,2602
236,2602
1266,1853
1733,1853
779,1853
285,2171
1481,2171
1465,2171
674,1233
1851,1233
1697,1233
2624,1233
38,1233
1452,1233
1456,1233
548,1233
234,1233
498,1233
253,1233
1651,472
317,472
1441,472
1335,472
2133,12
739,12
398,12
2457,12
270,12
271,12
683,12
1433,12
576,12
2444,12
2660,12
962,12
2327,12
859,12
284,12
1710,12
1285,12
1316,12
834,592
1993,471
2598,471
837,471
1651,2195
1293,2195
1385,2195
1726,907
2335,907
2184,2322
638,2322
803,2322
817,2322
1733,2322
497,1491
584,1491
2672,1491
829,976
340,976
1778,976
1101,976
323,976
934,2288
2479,2288
53,2288
1820,2288
477,2288
1796,2288
1101,1714
899,1714
79,2100
2163,2100
86,374
2018,374
1881,374
188,374
455,1076
950,1076
335,1076
702,1076
882,1076
875,1076
2391,1076
2080,1076
1616,1076
2498,1076
2543,1076
744,1076
788,1459
882,352
1841,595
1078,1998
429,1998
356,1998
999,2377
255,2377
1914,2377
2062,2377
311,2377
1754,1962
533,1962
108,1962
1000,1962
853,1962
260,1962
2204,1962
319,1962
93,1962
1046,1962
402,1962
230,1962
150,1962
2606,1962
400,1962
497,1065
1660,1065
525,1065
1077,1065
1492,13
853,13
1974,456
1918,892
70,892
847,892
1651,612
22,612
2151,612
2405,1833
2181,1833
200,227
2604,227
1077,2004
626,2004
1912,1161
1445,1161
844,1161
2166,1161
1103,59
2564,59
531,1924
223,1924
1261,2381
1264,2381
1449,2381
2613,2381
1027,2381
988,660
1681,2135
364,2135
1341,2135
439,2575
1550,2575
2683,2575
1518,2575
514,2575
1366,2054
753,2054
1477,2054
1487,2054
168,2054
448,2054
950,1869
1934,1869
1549,1869
1055,1869
858,178
1669,178
1859,418
2371,418
260,418
1280,418
175,418
1097,418
2466,418
2117,418
17,2047
796,2417
1545,2417
882,1866
200,1866
469,944
1697,944
1736,944
1735,944
714,944
866,1726
907,1726
1927,1726
2335,1726
95,2299
338,1458
2034,1458
2377,999
1914,999
2062,999
1141,999
2447,1738
1134,1738
819,1738
1488,1738
1025,1738
1429,1738
1288,1738
159,1738
807,250
950,250
1020,250
1051,821
1055,1172
1213,1172
522,89
62,1830
2347,1830
1183,1830
1353,1830
2105,1830
703,2319
1709,2319
2644,2319
1500,1579
766,1579
2635,915
1258,2675
1663,2675
750,2675
2500,2675
455,2583
9,2583
597,2583
200,2583
744,2583
2676,425
2111,425
311,425
1277,497
1013,497
1491,497
1065,497
1327,497
2587,497
37,497
751,497
2672,497
1372,497
371,497
1117,497
305,1634
2498,1634
2036,531
699,531
1924,531
1467,531
2035,531
2111,531
1216,531
997,484
1346,484
2335,484
2526,2392
567,2392
2642,1176
854,1176
1275,1138
2596,1138
2206,479
1150,479
490,479
950,1851
1233,1851
722,1851
387,1851
1677,1851
1266,2361
1733,2361
779,2361
1811,831
1853,1266
2361,1266
1955,1266
2335,1266
1004,1266
866,2066
1052,2066
1223,2066
2590,2066
1109,2066
1868,2066
2648,2066
414,2066
1775,2066
2358,2066
1379,2066
2073,2066
697,1741
651,1741
1033,1741
2333,1741
1319,1212
110,1212
528,1212
610,2313
43,2313
2062,2313
1077,2313
2393,2313
1318,2313
823,2313
321,2313
807,99
950,99
1420,99
364,99
1055,99
172,99
1673,640
934,640
16,640
1721,640
2232,1053
2272,1053
2235,1053
1240,1053
771,1256
2479,1256
51,1256
445,1256
1820,1256
766,1140
1859,2462
2031,2462
2438,2462
2130,2462
1341,2462
806,1790
1909,1155
1528,1155
2533,1155
1565,1155
1019,1558
2399,1558
2439,1558
1530,1558
1518,1075
1460,1075
939,1036
705,1036
153,1036
726,1036
799,1036
955,1470
1000,1324
2367,1324
894,1324
2544,1904
2103,1904
2635,2241
2150,2241
977,2241
1439,564
147,564
2285,564
2000,564
2403,564
1441,564
1350,1716
319,1716
1920,882
617,882
2226,882
489,882
2057,882
2642,882
881,882
1009,882
518,882
1076,882
352,882
1866,882
777,882
2512,882
105,882
254,882
1629,882
1662,882
716,882
1587,882
2668,882
447,882
1453,882
2044,882
1825,882
2534,882
2244,882
2365,882
1323,882
963,882
2049,882
714,882
373,882
261,114
466,114
1481,2666
23,740
1405,377
2610,377
2158,2007
2087,2007
2568,2007
1750,2007
2244,2007
1791,2007
744,2007
570,841
565,841
1431,841
1441,841
2242,841
1587,358
2277,358
1960,2405
1833,2405
911,2405
1006,2405
973,2405
1755,2405
134,913
404,913
2325,913
2458,2506
1130,2506
950,2506
1055,2506
7,2506
610,1445
1161,1445
1095,1445
61,1445
2062,1445
1919,1445
801,1445
80,1445
455,420
2263,420
2213,420
1326,420
1179,420
1882,420
745,420
2416,611
2627,1901
1583,721
2062,721
1037,1317
886,1317
2339,1317
610,1762
2419,1762
2062,2262
1606,2262
2082,2262
879,2262
503,495
1403,495
1719,673
1610,673
858,1312
132,1312
2433,30
938,30
2277,30
2079,696
1628,696
323,696
627,696
1098,1908
1595,1908
1328,1908
1388,1908
1673,2479
934,2479
2288,2479
1256,2479
51,2479
1820,2479
1561,1971
1461,1971
1635,2389
2140,1693
2062,1693
2656,1693
2680,1693
1528,2463
1489,2463
2198,2463
2190,2463
1914,1330
522,1330
1892,1330
717,1330
763,844
1161,844
1095,844
1094,954
531,1467
1784,1467
1644,29
1829,2323
200,2323
547,2323
964,1210
524,1210
1987,2342
2224,896
882,777
209,777
1274,1965
758,1965
974,1965
1292,1965
2127,1965
2304,1965
376,1965
125,2436
2233,2489
334,2489
2176,2489
816,2489
128,2489
2302,2489
442,2530
1036,939
799,939
1851,722
2222,722
968,722
1677,722
1439,2000
564,2000
1681,2000
2257,2000
1452,2000
45,2000
84,1857
1720,1857
2673,1857
2062,1857
2617,1857
2114,1857
589,1857
2597,1857
647,1857
2674,1857
855,1857
2091,1857
2337,2671
1507,753
2054,753
1477,753
2673,753
168,753
1518,2548
1385,415
893,415
183,160
2154,160
393,160
1408,160
2695,160
1023,160
253,160
1964,575
1125,575
637,575
2074,575
460,575
982,575
2220,575
2531,2183
2146,2183
158,1827
2531,708
950,182
2318,182
7,182
950,2338
645,2338
1688,2338
2142,584
1491,584
33,584
1684,584
585,584
1929,584
2,584
1332,584
1846,584
1198,584
1475,584
795,584
910,2418
1959,2502
307,2502
388,2502
1831,1631
1055,1631
1395,1888
749,1888
760,1888
2336,1888
1632,1888
2593,1888
2432,1888
2144,1888
867,1888
1033,1888
365,1888
2586,1888
1101,1888
63,1888
2453,1888
1061,1888
211,526
1904,2544
2103,2544
200,1752
66,1955
2591,1955
1266,1955
15,1955
1489,1955
583,2018
374,2018
1725,2018
285,2018
260,2141
983,2141
799,2141
286,769
641,1569
1581,1569
213,1569
2075,385
657,385
1448,2016
1510,2016
1094,2016
1150,2016
1272,1034
1313,1034
305,2078
2498,2078
305,1144
2031,2256
2006,2256
206,504
2652,504
2627,504
2434,529
1068,437
1064,437
171,26
2466,734
1385,2356
2459,2356
454,2356
2498,2356
1094,1664
2130,1664
58,2545
2702,2545
2552,2374
2062,2374
250,1020
2062,1118
67,1118
247,1327
699,1327
518,1327
497,1327
937,1327
1385,1327
2062,1327
1519,1327
386,1327
1372,1327
88,1327
1695,1327
522,1327
520,1327
2148,1327
2625,2106
2546,2106
1914,1818
535,1818
580,1818
2062,1818
1695,1818
942,800
1403,1899
1454,1899
1614,1410
2581,245
1331,245
2628,245
1770,245
1596,245
2657,952
1837,952
239,196
1257,196
2326,196
1126,196
118,196
2470,196
1430,196
2543,196
451,196
1766,1275
1134,1275
1138,1275
2596,1275
431,1184
103,1184
1909,2533
848,2533
1528,2533
1155,2533
2290,2533
200,2404
744,2404
2510,2404
1409,189
1696,1416
1464,1416
2132,1416
2623,1416
1542,2646
2603,2646
1874,2646
1139,2646
1309,2646
1303,2646
621,2646
2294,2646
2465,2646
735,2315
1122,2315
1823,2315
2125,1258
2675,1258
798,1258
577,1258
1663,1258
805,1258
1349,1258
2500,1258
1078,503
495,503
1940,1485
1253,1485
2107,1485
2198,1485
2278,1485
2628,361
875,2122
2062,2122
1386,2122
1658,2122
448,2551
2240,2551
342,1337
1906,1337
1386,1337
92,1337
462,1681
325,1681
2285,1681
2135,1681
2000,1681
676,1681
1524,1681
1188,1681
1349,1681
2228,1377
1850,1377
1143,1377
0,2187
617,1847
1405,1847
1156,1847
1351,1116
2007,2087
2335,2087
2244,2087
289,2087
305,2229
2077,1967
606,1967
2206,1967
1137,1967
1164,1967
1966,691
743,691
950,691
1055,691
2335,691
1321,1463
2589,1463
1518,1463
483,1297
727,1572
506,1572
1504,1572
1048,1572
1593,1572
2119,1835
443,1835
1214,1777
1481,1777
1574,1777
591,1963
1350,1963
1190,1963
1431,1963
1267,1963
782,1325
1249,1325
588,1325
1412,667
2230,667
2000,2257
1230,2257
2243,2257
2034,2257
2410,2257
1569,641
444,641
1148,641
200,641
2277,641
1255,1425
1819,920
1478,920
2466,920
326,920
996,2214
3,2214
1956,2214
1023,2214
1123,2214
228,1064
2031,1064
368,1064
1068,1064
778,1064
1765,1064
481,1064
437,1064
579,1064
605,1064
685,1064
2221,1064
1873,1064
293,1064
1219,1064
2706,1064
2063,1064
2470,1064
846,1064
1224,1064
225,1064
195,1064
1525,1064
864,1064
1351,1064
2474,1064
546,1064
1671,1064
851,1064
2581,1505
108,1505
889,1505
884,1505
850,1505
1749,1505
2200,1505
2379,1505
2471,1505
2359,1505
1423,1505
2429,1505
1416,1464
2132,1464
701,1464
2027,1464
2586,1464
2174,1464
933,1464
2664,1464
2623,1464
2581,889
1505,889
884,889
850,889
1749,889
2200,889
2542,889
2379,889
2359,889
1423,889
1766,1207
1000,1207
1208,1207
2270,1207
2333,1207
1828,1207
523,1207
431,1939
1390,1939
103,1939
961,1939
2088,1939
34,2132
1416,2132
1464,2132
701,2132
2027,2132
2586,2132
2174,2132
119,2331
1595,2331
126,2331
106,516
538,516
849,516
2552,516
408,516
1663,863
499,863
805,863
1766,1398
2447,1398
1488,1398
1958,1398
2596,1398
2498,1398
2112,43
2313,43
2468,43
2062,43
2447,1488
819,1488
1738,1488
1398,1488
1025,1488
2498,1488
1288,1488
159,1488
810,544
1471,544
2398,544
1550,2683
187,2683
2575,2683
968,2683
1361,46
1085,46
2138,46
1914,46
2062,46
684,46
756,46
2279,46
2124,46
1387,46
2410,46
1361,1946
1396,1946
1341,1946
1518,2212
1505,884
889,884
1182,884
2486,884
1423,884
2303,1234
253,1234
773,1234
1208,2269
365,2269
2062,1692
1663,1692
2500,1692
1718,48
647,48
1267,48
2184,803
638,803
838,803
375,803
2322,803
1125,803
2086,803
817,803
1733,803
1250,803
2094,803
1701,1391
2062,1391
554,1391
341,2053
2062,2053
174,2053
1772,2053
1064,579
1700,579
531,2035
1305,2035
2011,2035
1216,2035
2202,2035
152,2035
1652,542
2460,542
993,2070
80,2070
245,2628
361,2628
2298,2628
2052,372
2062,372
541,372
1209,372
2489,334
2505,334
28,334
1009,2512
882,2512
105,2512
2668,2512
1189,2512
1544,251
972,251
200,251
1191,251
491,1559
371,1559
789,1559
961,2694
223,2076
1893,2076
1964,1241
858,1241
103,1241
2216,1241
966,303
1590,2348
22,2348
1579,1500
1814,2655
2406,2655
1422,2655
271,1803
962,1803
2210,1803
2646,1542
2603,1645
2130,1645
465,1645
1441,1645
2452,1645
2646,2603
1645,2603
2130,2603
465,2603
820,2603
1441,2603
2452,2603
285,2603
1655,1217
368,566
1016,566
2384,411
1965,758
1292,758
622,758
1513,758
1941,758
2595,2385
200,2385
2325,197
1705,280
1964,642
1840,642
606,642
2139,146
1388,146
126,146
2662,146
2413,146
2107,301
1700,301
1814,273
2406,273
602,273
2246,273
2335,273
2406,2630
1403,2630
1454,2630
368,1082
774,1082
594,1082
2498,1082
1689,1082
448,1988
569,1988
2240,1988
1748,1988
1078,605
1064,605
2584,605
1873,605
449,605
2007,2568
1041,2568
2335,2568
372,2052
1085,2052
580,2052
2062,2052
62,2424
1043,2424
2062,2424
917,2424
520,2424
718,686
1263,686
2503,686
20,686
747,1760
2424,1043
1747,1043
731,1043
1029,1043
2315,735
2314,735
1122,735
1837,735
1019,40
1192,40
456,1974
256,1974
1192,2599
836,1940
1485,1940
1253,1940
1953,1940
2467,1399
1580,1399
1888,760
1028,760
2652,760
1382,760
1965,974
2127,974
2293,974
1565,974
697,469
944,469
2367,469
1774,469
23,469
620,345
1146,1925
125,1925
398,683
12,683
2444,683
962,683
2210,683
1268,1643
1941,1643
1292,2160
2439,2160
1114,2160
1565,2160
1964,2638
1766,2638
169,2638
1214,2638
2060,2638
627,2638
829,1359
286,1359
1132,1359
1045,1359
828,1359
333,1359
1047,1359
2188,229
1592,229
1727,229
689,229
240,229
1367,229
347,229
1313,229
1000,1411
1916,1411
2387,183
1956,183
160,183
2062,183
541,183
1043,1747
731,1747
1001,473
2646,1874
285,1874
1381,2168
1914,2168
2062,2168
1318,2168
1931,2168
266,1636
1318,2261
1511,1326
420,1326
1179,1326
634,1326
113,1665
1338,1665
900,1665
1916,1665
934,2177
20,2177
1820,2177
2394,155
1888,2336
1441,2336
256,2336
1329,106
516,106
538,106
2062,106
2703,106
2519,106
408,106
861,1531
248,2366
1079,2366
1997,2366
2705,2366
209,2366
2576,2366
2128,2366
1667,2366
137,2366
1769,58
2545,58
2347,58
700,58
1310,2516
110,2516
1935,2516
2335,2516
1076,875
2122,875
1651,875
1293,875
1897,875
946,875
298,875
1753,875
895,2355
1875,2355
1883,2355
1870,112
82,112
583,112
2134,112
1293,112
1744,112
85,995
278,995
2429,995
2240,346
745,346
1766,704
1403,704
204,1880
807,1880
2643,1880
1159,1880
1233,1697
944,1697
2153,1697
2291,1697
2231,1822
703,1822
569,1822
1009,105
882,105
2512,105
1049,1848
877,1848
2598,1848
1638,2032
1070,2032
1867,1588
1305,1588
1881,1588
1052,1223
2066,1223
1515,1223
1775,1223
1377,2228
1850,2228
2608,2228
1766,2282
1000,2282
121,2282
627,2282
862,2109
1914,2363
2062,2363
174,2363
826,2527
749,2527
2146,2527
476,2527
1632,2527
809,2527
2453,2527
1925,1146
1342,1146
2658,860
1875,860
826,476
2146,476
2527,476
809,476
1864,476
2606,475
403,475
2318,993
2070,993
1950,993
283,993
812,993
215,2707
2442,2707
2393,2707
2581,927
2029,927
2670,927
1623,927
2185,685
1064,685
2185,2584
1078,2584
605,2584
1873,2584
449,2584
330,1712
2219,1712
1339,1712
1227,1363
2133,888
1975,888
584,33
1684,33
585,33
2156,33
318,33
1846,33
1198,33
1475,33
795,33
112,2134
1135,2134
1136,2134
1571,2134
1884,2134
891,2134
1582,2134
1343,2134
1999,254
882,254
2275,254
200,254
1323,254
2066,2590
2321,2590
991,2590
584,1684
33,1684
585,1684
814,1684
2501,1684
351,2245
962,2245
2210,2245
507,972
251,972
2062,972
2550,972
1679,972
604,972
200,263
1291,1608
1495,1608
208,1608
1676,1608
1111,1608
62,2347
1830,2347
58,2347
2062,2347
700,2347
306,2347
1433,2451
931,2451
2444,2451
962,2451
2210,2451
2028,2451
286,2632
1125,2632
824,2632
2591,815
594,815
1094,2477
1651,2477
2192,636
283,636
2062,1951
1912,1095
1445,1095
844,1095
2166,1095
2267,2225
258,2225
286,1125
575,1125
803,1125
2632,1125
1338,1125
982,1125
1957,1125
1908,1098
2556,1098
132,1657
950,1657
1802,1657
1055,1657
1530,1657
1317,1037
886,1037
693,1037
1043,731
1747,731
628,731
266,731
331,731
1208,675
1778,675
1857,84
1236,84
2577,84
1291,1215
1111,1215
1965,1292
758,1292
2160,1292
654,1292
2567,1292
1565,1292
2489,2176
163,2176
28,2176
2375,2284
591,2284
992,2284
2243,2284
1911,2284
1345,2317
2496,1813
2619,1813
2216,1813
1069,1813
922,1813
305,1813
496,1813
264,1813
2017,1871
661,1871
1991,1871
2532,1871
881,2026
909,2026
1450,2026
2498,2026
2436,125
1925,125
920,1819
1561,1819
1478,1819
1526,1819
1250,1819
2466,1819
1701,930
2062,930
1797,930
2061,956
141,956
1694,956
1166,1477
2626,1477
2054,1477
753,1477
2297,1477
168,1477
2492,1477
2125,1419
2552,1419
1663,1419
499,1419
2066,1109
1775,1109
1379,1109
565,143
336,143
303,966
1651,966
540,1506
1831,1802
132,1802
950,1802
1657,1802
1055,1802
2430,1802
1909,654
1292,654
2567,654
2497,654
1941,654
1454,511
689,1197
1499,1495
1608,1495
2145,1133
1332,1133
1151,1133
2390,1133
1949,618
133,1785
1014,1947
2210,1947
2395,1947
2062,1865
1009,2378
2096,2378
1441,1418
1087,1418
1127,1418
1192,1729
1281,1729
30,938
1965,2127
974,2127
1565,2127
379,1270
509,698
1560,755
412,755
663,755
1527,2167
18,2167
162,2167
2062,246
1675,246
1113,156
1731,156
1568,156
1839,573
526,211
1161,2166
1095,2166
2587,2166
2031,1320
2006,1320
1510,1632
1888,1632
2527,1632
1094,1632
1791,1632
313,1622
1360,1622
2157,1622
814,1622
2564,1622
2624,275
1456,275
812,275
673,1610
2618,1610
1006,1610
1153,1474
808,802
2312,427
1619,639
1388,639
719,1503
714,186
1590,47
1282,47
989,47
2034,47
1088,1852
2056,1852
280,1705
196,1257
171,1257
118,1257
2470,1257
1998,429
95,1720
2077,1720
1857,1720
1805,1573
2062,1573
2100,79
717,79
1149,2211
1512,2211
193,2211
529,2434
1344,2434
147,2689
2698,2689
1441,2689
2625,2449
1642,2449
1234,2303
2468,2303
2062,2303
1408,2303
2695,2303
2579,2303
253,2303
2129,2303
950,243
1590,243
827,243
2136,2422
2385,2595
224,2595
650,2595
1760,747
1639,747
1689,747
1480,747
2221,1008
1810,1008
2677,1008
728,1008
528,1008
965,1008
2335,1008
190,1253
203,1253
826,1253
1821,1253
1793,1253
1485,1253
1940,1253
658,1253
2320,1253
1682,1253
1918,1253
2460,1253
1700,1253
2293,1253
1284,1253
1417,1253
1205,1253
1170,1253
1609,1253
265,850
1505,850
889,850
278,850
2200,850
2486,850
995,278
850,278
2431,278
2359,278
1000,1589
1532,2143
882,1629
2446,1629
2498,1629
1258,798
1663,798
750,798
805,798
2500,798
2415,1010
1956,1010
2701,1010
2062,1010
2082,1010
1366,2370
668,2370
117,2554
1195,2554
2296,2554
1751,2554
1026,1094
1598,1094
462,1094
1134,1094
950,1094
1420,1094
954,1094
2016,1094
1664,1094
2477,1094
1632,1094
1590,1094
1483,1094
1429,1094
1159,1094
596,1094
492,1094
2559,1200
1841,2678
54,536
1152,536
1110,2251
54,149
2062,149
2377,255
1471,255
768,255
1771,255
1486,255
2283,255
1019,2399
1558,2399
2620,2399
1055,2399
444,1299
1148,1299
57,1637
2150,1637
1844,1637
1586,1637
977,1637
1454,1202
178,1669
620,1669
2300,1669
2035,1305
1588,1305
87,1305
908,1305
2062,1305
123,482
1314,1552
2134,1135
446,1576
1041,1576
1300,1576
1611,1576
1291,873
1162,873
2210,873
776,2346
2285,2403
564,2403
2646,1139
1341,1139
1212,1319
2349,1319
2063,1319
1722,1319
121,2640
1707,2640
2490,2640
14,2309
1566,2309
1090,2309
2546,2309
1875,2309
1371,2309
1304,1432
785,1432
672,1432
536,54
149,54
1085,54
1701,54
1152,54
2082,54
1613,874
2062,874
810,117
2554,117
1229,117
1362,117
1812,786
571,786
119,1595
1908,1595
2331,1595
1388,1595
126,1595
1403,1595
1302,1662
882,1662
1881,1662
2281,1662
957,1662
2008,902
2335,902
1900,75
1505,1749
889,1749
919,1749
1065,1660
2468,1660
1077,1660
626,1660
2206,2306
1105,2306
1137,2306
432,2306
950,1555
812,1555
304,970
1088,970
516,538
106,538
196,2326
1126,2326
118,2326
2470,2326
2046,2326
570,1651
1508,1651
1331,1651
468,1651
472,1651
2195,1651
612,1651
875,1651
2477,1651
966,1651
1724,1651
652,1651
1539,1651
1850,1651
180,1651
1429,1651
2265,1651
1038,1651
2524,1651
1482,1651
2,1651
679,1651
2379,1651
1045,1651
2494,1651
891,1651
163,1651
350,1651
268,1651
2069,1651
1554,1651
1725,1651
1770,1651
744,1651
594,60
2533,2290
620,2290
1513,2290
1156,2290
1131,2290
1124,2290
1541,2290
2201,2290
1443,2290
833,2290
249,2290
912,2290
1185,2290
2351,2635
915,2635
2241,2635
2150,2635
977,2635
1036,705
886,705
799,705
1298,294
893,2055
2406,2582
368,2582
1422,2582
237,2582
1112,2582
1722,2650
1166,1487
2626,1487
2054,1487
2092,1487
1969,1487
1122,1487
1954,1487
1058,1487
200,493
2498,493
2621,493
2389,1635
2113,216
1561,216
618,1949
1471,1949
1403,1949
1030,1949
1481,730
1888,2593
807,107
1479,107
993,1950
617,2139
146,2139
1388,2139
1790,806
247,937
1327,937
700,937
1297,483
62,2145
1133,2145
1839,2145
393,2145
1332,2145
1211,2145
917,2145
2491,842
2467,384
801,384
935,384
497,2587
2166,2587
2062,2587
879,2587
286,1338
1665,1338
1125,1338
1914,1434
580,1434
2062,1434
1318,1434
1445,61
2414,61
2062,61
1895,61
940,61
80,61
1502,1561
1859,1561
2113,1561
85,1561
1971,1561
1819,1561
216,1561
354,1561
1798,1561
100,1561
1556,1561
1541,1561
434,1561
319,1561
949,1561
791,1561
363,1561
1097,1561
93,1561
1413,1561
1526,1561
2486,1561
517,1561
2685,1226
1722,1226
2187,0
455,2432
950,2432
1888,2432
2252,2432
2304,2432
1178,1756
633,1756
2611,1756
376,1756
1937,1756
1561,354
1092,354
517,354
410,355
888,1975
534,1975
223,1975
348,1975
104,1074
2334,1074
649,1074
1646,1074
1807,1074
98,1074
478,1074
2484,1074
90,1074
1877,1074
1909,2567
1528,2567
1292,2567
654,2567
1489,2567
1565,2567
200,1649
562,619
563,619
873,1162
787,1162
534,1162
1903,1162
1885,1162
1111,1162
2026,909
1903,909
1424,1108
1647,1108
289,781
1136,559
1273,2574
1518,2409
758,622
719,622
1941,622
1064,2221
1008,2221
293,2221
2335,2221
1052,1868
2066,1868
414,1868
1052,220
1775,220
2358,220
1928,2219
330,2219
1765,2219
1712,2219
1989,2219
2155,2219
4,2219
2080,2273
610,1360
201,1360
1622,1360
525,1360
628,1360
746,1360
80,1360
345,620
1669,620
2290,620
132,2412
2257,1230
1590,1230
2222,1230
2062,1230
2314,1230
522,1230
808,1230
1090,424
2546,424
1875,424
588,424
1089,1590
2676,1590
1457,1590
1277,1590
950,1590
680,1590
2264,1590
2348,1590
47,1590
243,1590
1094,1590
1230,1590
2111,1590
2062,1590
2657,1590
1663,1590
22,1590
522,1590
2519,1590
1332,1590
390,1590
2046,1590
827,1590
2427,1590
862,1590
1211,1590
2488,1590
388,1590
765,1590
1213,1590
1009,87
1305,87
551,87
1356,2012
1482,2012
2208,2012
213,422
200,422
2330,2631
2125,2354
1663,2354
1349,2354
2500,2354
1036,153
1964,1982
290,1982
2438,1982
1441,1982
1222,103
221,103
1184,103
1939,103
1241,103
2088,103
244,103
1074,2334
90,2334
2497,2681
1957,2681
198,242
1461,242
136,242
291,242
404,6
659,1245
2242,1245
241,1245
1481,1245
1569,1581
213,1581
1195,1581
2296,1581
2267,480
1609,480
516,849
890,849
2371,890
849,890
1612,890
1879,890
1295,816
2489,816
261,816
2505,816
466,816
128,816
28,816
1637,57
2150,57
977,57
440,2307
1385,2307
1593,2307
1295,261
114,261
816,261
466,261
128,261
28,261
2267,658
1821,658
1253,658
2499,658
2460,658
568,658
866,2704
134,2704
1229,2704
2335,2704
2498,2704
2649,2704
2591,1989
1765,1989
383,1989
2219,1989
2104,1989
2146,809
2527,809
476,809
2367,809
508,809
1947,1014
332,1014
905,1014
1781,1014
1162,787
1903,787
1115,787
882,716
200,716
877,1993
471,1993
662,1993
2598,1993
837,1993
2288,53
1102,53
2115,53
1820,53
477,53
1231,1085
1378,1085
996,1085
46,1085
2052,1085
54,1085
979,1085
1701,1085
2062,1085
1444,1085
2538,1085
1685,1085
164,1085
1543,1085
936,1085
2020,1085
1594,1085
1716,1350
1963,1350
2629,1350
1741,651
2307,440
1504,440
1593,440
882,1587
358,1587
2335,1587
1930,1587
990,1587
1740,1498
1249,1334
588,1334
302,1334
2428,1334
1724,322
2130,322
1150,322
264,322
2321,1516
727,1516
981,1516
991,1516
792,1516
2434,1344
1366,870
668,870
510,428
2030,428
826,2367
2146,2367
1324,2367
469,2367
809,2367
2561,2367
1343,2367
484,997
1346,997
11,142
2065,142
319,142
2332,142
1859,1798
1561,1798
2206,1798
1341,1798
2590,2321
1516,2321
1921,2321
727,2321
267,2321
2562,2321
457,2321
1054,2321
981,2321
991,2321
1545,2321
1913,2321
792,2321
1651,1724
322,1724
1429,1724
1150,1724
790,1724
2516,1310
1293,1310
1069,1310
310,1310
2335,1310
1828,1310
1104,2253
1085,979
2062,979
1569,213
422,213
1581,213
1561,100
1640,100
2365,2350
1738,1025
1488,1025
1429,1025
2498,1025
1518,967
1460,967
435,967
2066,2648
414,2648
1775,2648
2358,2648
1379,2648
2366,2705
1667,2705
1870,1293
286,1293
1511,1293
2195,1293
875,1293
112,1293
1310,1293
1066,1293
2690,1293
2130,1293
2647,1293
968,1293
310,1293
1435,1293
2508,1293
1341,1293
1301,1293
1744,1293
2248,1293
333,1293
1811,1293
942,1446
1293,1066
2647,1066
968,1066
1301,1066
1212,110
2516,110
1169,110
2309,1090
424,1090
2546,1090
1875,1090
1371,1090
588,1090
1348,1090
62,2540
1183,2540
520,2540
1194,2540
1963,1190
2093,1462
1875,1462
1654,1462
2045,2402
319,2402
93,2402
2606,2402
1279,2165
1253,2320
2517,2320
1094,1483
824,1483
758,1513
2290,1513
1443,1513
1341,1513
912,1513
1941,1513
1549,1985
1055,1985
46,2138
1914,2138
2062,2138
2247,287
22,287
671,287
1044,287
2233,2505
334,2505
816,2505
128,2505
677,2505
28,2505
537,2505
580,2360
1421,2360
2067,2360
1931,2360
1305,908
2062,908
223,908
2498,908
2414,2328
2230,328
2215,328
1813,2619
961,2619
1341,2619
1936,2619
1821,2523
1652,2523
2112,2468
2142,2468
43,2468
2303,2468
1660,2468
2062,2468
1759,2468
2357,2468
1077,2468
111,2468
2157,2468
636,2192
585,2192
1964,2216
858,2216
1241,2216
1813,2216
2267,1682
1253,1682
1284,1682
445,1682
1019,2439
1966,2439
950,2439
1558,2439
2160,2439
2298,2439
238,2439
1354,2439
1114,2439
641,444
1299,444
2277,444
2185,1873
1765,1873
1064,1873
605,1873
2584,1873
864,1873
2036,219
2384,2616
633,2616
1773,1252
906,1252
1546,1577
1261,1264
2381,1264
1449,1264
2498,2368
1723,2368
722,2222
1230,2222
1487,2092
2652,2092
341,1914
199,1914
2407,1914
1,1914
2377,1914
999,1914
1330,1914
1818,1914
46,1914
2168,1914
2363,1914
1434,1914
2138,1914
2062,1914
1759,1914
2023,1914
73,1914
883,1914
2495,1914
401,1914
2067,1914
311,1914
1772,1914
2101,1180
154,1180
2195,1385
415,1385
2356,1385
1327,1385
2307,1385
74,1385
969,1385
50,1385
1435,1385
520,1385
1012,2159
1861,2159
2515,1158
552,1158
2154,1158
1766,169
857,169
1000,169
2638,169
1707,169
1481,169
1552,1314
520,1314
1764,1433
12,1433
2451,1433
2210,1433
2028,1433
1764,931
2451,931
2210,931
2028,931
2561,1035
1393,1035
2074,1035
1039,1035
206,775
2652,775
1233,2624
275,2624
1456,2624
2682,1468
703,1709
2319,1709
2572,1709
2644,1709
703,2572
1709,2572
2563,2572
2644,2572
2114,2572
1801,2572
904,2687
256,2687
715,101
2095,101
1668,101
695,101
1784,101
407,101
1022,101
2276,1071
430,1071
2284,992
1776,992
992,1776
62,1183
1830,1183
2540,1183
2062,1183
520,1183
1199,904
2687,904
1472,904
594,2274
76,2274
2153,2274
1064,293
2221,293
737,293
950,1289
2382,1289
14,1307
644,1307
1883,1307
82,1136
583,1136
2134,1136
559,1136
1503,719
622,719
2620,719
1530,719
2684,719
1627,2209
2543,2209
1561,1556
993,283
636,283
2170,283
491,283
1296,283
36,283
1167,748
2283,748
2308,748
94,1535
2669,1535
2236,1535
2003,1739
633,1739
2611,1739
1941,1739
1171,1739
987,1602
1902,1602
486,1602
2690,1602
1069,1602
1045,1602
1341,1602
884,1182
690,1182
218,1182
2121,1182
1771,1182
1826,2189
2062,2189
1896,2189
2546,2033
588,2033
53,1102
2115,1102
1820,1102
1311,207
2622,2218
2062,2218
401,2218
2461,1007
270,576
12,576
200,2316
913,404
6,404
170,404
62,2170
2633,2170
283,2170
1536,2170
36,2170
532,2170
82,2690
1293,2690
1602,2690
223,2690
1065,525
1360,525
1919,525
879,525
866,2205
2237,2205
2462,2438
1982,2438
961,2438
2009,2438
228,2349
1106,2349
1319,2349
132,1181
641,1148
1299,1148
1903,1148
1115,1148
550,1148
1270,379
2130,379
484,1346
997,1346
2462,2130
1664,2130
1645,2130
2603,2130
322,2130
1293,2130
379,2130
2535,2130
1571,2130
465,2130
1163,2130
1884,2130
1429,2130
653,2130
1758,2130
1387,2130
2069,2130
1770,2130
2452,2130
1845,2130
1932,2130
1018,2130
492,2130
1397,2130
1341,2130
2220,2130
136,598
2296,598
760,1028
2652,1028
1382,1028
634,1028
1208,2301
2504,914
2001,914
1751,914
584,585
33,585
1684,585
2192,585
1929,585
1494,585
2062,585
2175,585
671,585
353,585
1520,585
318,585
1846,585
1370,585
1198,585
1074,649
1807,649
1827,158
1971,1461
242,1461
2691,1670
1680,543
1383,543
1700,543
1088,543
2321,1921
267,1921
991,1921
1358,1921
2068,759
1464,701
2132,701
2174,701
2387,2700
2062,2700
1398,1958
2618,1958
1979,1958
1821,2107
1485,2107
301,2107
2460,2107
1383,2107
2558,2107
1291,515
200,515
1111,515
1993,662
2598,662
837,662
61,2414
2328,2414
2062,2414
1451,1238
950,1549
1869,1549
1985,1549
2041,1549
7,1549
476,1864
2310,65
2007,1750
1057,1750
744,1750
1663,1476
2656,1476
2680,1476
2515,2154
1805,2154
160,2154
1158,2154
2481,2154
394,38
950,38
1233,38
548,38
1055,38
33,2156
1891,2156
1966,83
953,83
584,1929
585,1929
1494,1929
1073,669
1875,669
2351,2150
2241,2150
1637,2150
2635,2150
57,2150
1896,2150
1586,2150
977,2150
1566,2546
2625,2546
2106,2546
2309,2546
424,2546
1090,2546
2033,2546
1875,2546
91,2546
1371,2546
77,2546
588,2546
1384,2546
1642,2546
1348,2546
1995,2546
2473,1452
1233,1452
2000,1452
2295,599
574,599
184,876
1654,876
1454,607
2036,2111
2676,2111
425,2111
531,2111
1590,2111
825,2111
887,630
2058,502
304,502
2169,502
1068,1219
1064,1219
1351,1219
2123,436
2561,436
2074,436
1857,2673
753,2673
2114,2673
857,116
1730,116
1722,116
1207,1208
2269,1208
675,1208
2301,1208
1778,1208
2270,1208
365,1208
524,1208
1235,729
1403,729
1295,466
114,466
816,466
261,466
28,466
1291,166
1676,166
413,166
1111,166
1572,727
1516,727
2321,727
1403,727
1054,727
981,727
991,727
792,727
132,49
1390,2636
793,2636
1104,1969
1487,1969
1954,1969
48,1718
864,1187
97,1187
2250,1187
920,1478
1819,1478
1250,1478
326,1478
692,1973
2661,1973
2251,1110
2062,1110
1672,1110
164,1110
2374,2552
516,2552
1419,2552
710,2552
1663,2552
750,2552
224,2552
2688,2552
2552,710
224,710
2688,710
1391,1701
930,1701
54,1701
1085,1701
2062,1701
1797,1701
2500,1701
1681,676
2606,676
660,988
610,1546
1381,1546
1577,1546
2062,1546
1766,130
121,130
1235,464
2382,464
359,170
404,170
44,170
2130,2535
1758,2535
1397,2535
1818,535
580,535
2062,535
858,652
1651,652
490,652
1177,2706
1064,2706
1385,74
32,74
2375,2243
591,2243
2257,2243
2284,2243
1168,2243
989,2243
1707,2243
1911,2243
1009,2668
882,2668
2512,2668
1605,1269
882,447
200,447
2335,447
398,2444
12,2444
683,2444
2451,2444
2210,2444
859,2444
1710,2444
1285,2444
1316,2444
623,1453
882,1453
1691,1453
412,1453
2210,1453
663,1453
1749,919
2581,1471
544,1471
255,1471
1949,1471
551,1471
1233,1456
275,1456
2624,1456
2701,1898
2062,1898
1956,2555
580,2555
40,1192
2599,1192
1729,1192
1308,1192
1242,1192
585,1494
1929,1494
353,1494
1222,121
1766,121
1000,121
1511,121
2282,121
2640,121
130,121
205,121
2265,121
582,121
1522,121
1101,121
1091,121
632,121
813,121
523,121
921,1427
1507,1514
2297,1514
387,1514
7,1514
1477,2297
1514,2297
387,2297
1507,387
1851,387
1514,387
2297,387
1677,387
976,1778
675,1778
1208,1778
1560,1691
1453,1691
1560,412
755,412
1453,412
2310,412
1818,580
2052,580
1434,580
2360,580
535,580
2555,580
2023,580
73,580
1606,580
2067,580
1931,580
1812,1763
1225,1763
571,1763
2504,1787
1403,1787
1074,1646
586,1646
210,1646
2400,1646
1593,296
173,282
2300,282
200,1842
1525,2193
2300,2193
134,1229
1527,1229
117,1229
2704,1229
162,1229
1195,1229
2167,18
162,18
277,2475
1567,2475
2005,2475
277,1567
2475,1567
2532,1567
1106,2063
1064,2063
1319,2063
1182,690
672,690
2670,690
1291,2059
1322,2059
2335,2059
286,1628
696,1628
982,1628
1946,1396
285,1396
2103,1396
1607,1396
2210,624
1903,624
200,624
1285,624
1111,624
2199,1952
395,1952
1688,1952
1538,1126
196,1126
2326,1126
1124,1126
2046,1126
138,1126
126,1126
1403,1126
455,597
2583,597
200,597
744,597
121,205
1707,205
2490,205
2387,840
2062,840
1992,840
2245,351
962,351
2210,351
31,351
2134,1571
2130,1571
1244,1571
1074,1807
649,1807
807,1897
2123,1897
875,1897
446,1897
1041,1897
643,1897
614,1897
623,1214
1777,1214
2638,1214
764,1214
1119,1214
2515,1862
552,1862
455,2391
950,2391
1076,2391
1616,2391
810,1659
1678,1659
368,2289
2335,2289
551,2289
1380,2289
1204,586
1646,586
2484,586
2400,586
2460,985
570,565
2483,565
841,565
143,565
1128,565
426,565
820,565
772,565
1087,565
333,565
472,317
1395,2144
1888,2144
1321,2563
2513,2563
2572,2563
1876,2563
1385,969
1486,969
474,129
1150,1129
852,1129
431,2062
2654,2062
1231,2062
610,2062
2048,2062
1378,2062
62,2062
2188,2062
1364,2062
341,2062
2387,2062
1592,2062
1727,2062
201,2062
247,2062
763,2062
1867,2062
1277,2062
313,2062
312,2062
1578,2062
1794,2062
2633,2062
1583,2062
1613,2062
2142,2062
1956,2062
2701,2062
797,2062
1553,2062
2377,2062
999,2062
2313,2062
1445,2062
721,2062
2262,2062
1693,2062
1857,2062
2374,2062
1118,2062
1327,2062
1818,2062
2122,2062
43,2062
46,2062
1692,2062
1391,2062
2053,2062
372,2062
2052,2062
2424,2062
183,2062
2168,2062
106,2062
2363,2062
972,2062
2347,2062
1951,2062
930,2062
1865,2062
246,2062
1573,2062
2303,2062
1010,2062
149,2062
1305,2062
874,2062
2587,2062
1434,2062
61,2062
1230,2062
1590,2062
1085,2062
979,2062
2138,2062
908,2062
2468,2062
1914,2062
1183,2062
2189,2062
2218,2062
585,2062
2700,2062
2414,2062
1110,2062
1701,2062
1546,2062
535,2062
1898,2062
840,2062
2175,2062
742,2062
1308,2062
1737,2062
1444,2062
1663,2062
2223,2062
1536,2062
2259,2062
1519,2062
756,2062
1406,2062
214,2062
2279,2062
1296,2062
1797,2062
499,2062
1948,2062
1679,2062
1315,2062
88,2062
757,2062
555,2062
958,2062
1759,2062
2357,2062
36,2062
510,2062
1685,2062
2023,2062
73,2062
1695,2062
2571,2062
371,2062
789,2062
522,2062
1683,2062
1096,2062
1639,2062
2,2062
928,2062
883,2062
1387,2062
2519,2062
2495,2062
750,2062
1367,2062
401,2062
587,2062
1606,2062
1332,2062
1522,2062
1077,2062
805,2062
1369,2062
532,2062
1672,2062
1421,2062
164,2062
1520,2062
262,2062
2600,2062
687,2062
1992,2062
1017,2062
1860,2062
1023,2062
2579,2062
2393,2062
2526,2062
1543,2062
1896,2062
174,2062
347,2062
1892,2062
1318,2062
733,2062
2390,2062
1508,1254
1850,1254
1441,1254
2608,1254
1143,1254
2054,168
753,168
1477,168
668,168
569,168
27,168
1933,168
416,168
497,37
2672,37
565,1128
1783,1128
1441,1128
12,2660
962,2660
2133,1042
1383,2238
1700,2238
1743,2238
1886,2238
14,644
1307,644
1875,644
145,2620
950,2620
1934,2620
2399,2620
719,2620
295,2620
975,2620
664,2620
7,2620
2249,2620
2646,1309
989,1309
2410,1309
658,2499
832,2499
568,2499
1645,465
2603,465
2130,465
1163,465
2452,465
1845,465
2207,465
688,465
869,2137
2040,1783
1128,1783
374,1881
1588,1881
1662,1881
46,684
2186,1357
132,144
2069,144
706,144
679,21
2670,21
621,21
2294,21
2034,21
1537,1003
1987,1003
736,1003
98,1438
1877,1438
1074,98
1438,98
1877,98
686,718
2503,718
368,1455
810,1455
1167,1455
977,1455
1811,1455
2467,1580
1399,1580
585,2175
2062,2175
1847,1156
2290,1156
2190,1156
667,1412
2230,1412
549,1412
904,1472
265,2200
1505,2200
889,2200
850,2200
150,2200
2359,2200
1583,742
2062,742
2390,742
860,2658
25,2658
2431,122
342,1906
1337,1906
1386,1906
2137,869
1766,1557
252,1557
494,1557
26,171
1257,171
1795,171
1638,171
835,171
2529,171
1247,2147
659,2147
2242,2147
1774,2147
1481,2147
1574,2147
927,2029
497,751
2672,751
2147,1247
1356,1247
524,1247
1722,1247
1481,1247
1098,2556
1792,2556
2267,1652
1821,1652
542,1652
2523,1652
2651,1652
1252,1773
2698,1773
364,1773
2452,1773
772,1773
1345,1539
1651,1539
2639,1539
635,1496
562,563
619,563
151,563
223,563
1729,1281
376,1281
630,887
1633,2557
872,2557
589,2557
1021,2557
808,2557
839,2386
872,2386
589,2386
2191,2386
1021,2386
1813,1069
1310,1069
1602,1069
310,1069
109,450
1258,577
1663,577
750,577
805,577
2500,577
739,962
398,962
2457,962
1352,962
271,962
12,962
1803,962
683,962
2245,962
2451,962
351,962
2660,962
2210,962
2327,962
1469,962
859,962
804,962
2028,962
284,962
1633,1534
1321,1534
2440,1534
1876,1534
1633,2440
1321,2440
2589,2440
1534,2440
2182,2440
1502,2206
431,2206
1222,2206
1859,2206
221,2206
1120,2206
479,2206
1967,2206
2306,2206
1798,2206
793,2206
218,2206
900,2206
1105,2206
2580,2206
1619,2206
949,2206
791,2206
892,1918
1253,1918
1124,1918
2561,1918
1700,1918
847,1918
1039,1918
1106,212
892,70
878,70
847,70
659,1062
1481,1062
1465,1062
1245,659
2147,659
1062,659
1845,659
2242,659
241,659
1481,659
2355,895
1036,726
1733,726
737,64
367,64
2290,1131
1443,1131
518,2011
2035,2011
2600,2011
2707,215
522,215
1077,215
1919,215
1739,2003
556,2003
2497,2003
2611,2003
1941,2003
1375,2003
1171,2003
2003,556
2497,556
1375,556
29,1644
1685,1644
536,1152
54,1152
1975,534
1162,534
1111,534
1031,534
573,1839
2145,1839
520,1839
540,2549
2498,2549
961,343
1137,343
1267,343
878,1084
1389,42
441,2485
2605,2518
2172,2518
254,2275
200,2275
2362,1518
2663,1518
1271,1518
1321,1518
1420,1518
2575,1518
1075,1518
2548,1518
1463,1518
2212,1518
2409,1518
967,1518
1809,1518
380,1518
2521,1518
1460,1518
1486,1518
2174,1518
1355,1518
1597,1518
561,1518
2207,1518
435,1518
232,1800
167,1800
542,2460
1253,2460
658,2460
2107,2460
985,2460
1284,2460
1417,2460
2278,2460
2387,1308
1192,1308
2062,1308
2217,1308
2356,2459
454,2459
2356,454
2459,454
764,1562
394,548
1233,548
38,548
1403,548
744,548
25,35
198,136
242,136
598,136
104,723
1877,723
2290,1124
1126,1124
1918,1124
200,1099
2498,1099
1265,1630
1448,1145
1394,1145
893,370
415,893
2055,893
370,893
1637,1844
7,1625
109,1625
101,2095
695,2095
1784,2095
2484,557
1875,557
2321,267
1921,267
124,267
2562,267
1887,1051
1511,1051
821,1051
2520,1051
1990,1051
906,1051
1437,1051
1508,1850
2483,1850
1377,1850
2228,1850
1651,1850
1254,1850
2698,1850
2179,1850
1441,1850
774,1440
2427,1440
61,1895
2045,822
402,822
2496,793
2636,793
2206,793
803,2086
391,2086
1733,2086
984,2086
695,2086
1784,2086
1022,2086
735,2314
1230,2314
2152,2314
2114,2314
578,2314
2410,2314
2062,1737
1948,1737
638,817
2322,817
803,817
1733,817
2094,817
2057,2044
882,2044
339,2044
373,2044
1324,894
1393,894
1164,894
2190,894
1317,886
1037,886
705,886
1376,886
2339,886
2101,154
1180,154
1014,332
2210,332
905,332
1781,332
952,2657
1590,2657
569,2657
507,2550
972,2550
200,2550
223,2550
1085,1444
2062,1444
2290,1541
1561,1541
1742,1541
1640,1541
2190,1541
2689,2698
1773,2698
1850,2698
285,2698
906,2698
950,1663
2025,1663
2125,1663
2675,1663
1258,1663
863,1663
1692,1663
1419,1663
798,1663
1590,1663
2354,1663
1476,1663
2552,1663
2062,1663
577,1663
499,1663
1683,1663
750,1663
805,1663
253,1663
1349,1663
1173,1663
682,2585
1565,2585
1699,2585
1375,2585
1441,2594
160,393
2145,393
532,393
1356,725
1554,725
2060,725
494,725
383,774
1082,774
1440,774
362,774
902,2008
950,139
2430,139
2510,139
1646,210
2062,2223
1318,2223
1078,1910
1766,922
286,922
1813,922
95,2617
2077,2617
1857,2617
1200,2559
1726,1927
1403,1927
2086,391
1150,391
695,391
1022,391
2633,1536
2170,1536
2062,1536
224,1536
1293,2647
1066,2647
968,2647
1301,2647
2330,1356
2012,1356
1247,1356
725,1356
2208,1356
1774,1356
1574,1356
748,1167
1455,1167
768,1167
551,1167
255,768
1167,768
76,768
1930,768
1404,2421
947,2421
2247,22
2699,22
612,22
2348,22
1590,22
287,22
1612,22
1530,22
2155,22
833,22
1211,22
1879,22
1374,22
287,671
585,671
807,446
2061,446
1576,446
1897,446
1041,446
1611,446
563,151
223,151
1893,151
2676,825
2111,825
1756,633
2616,633
1739,633
376,633
2201,69
680,1282
47,1282
460,1282
433,1282
531,1216
2035,1216
628,1216
1733,1340
2606,2692
115,2692
2062,2259
2661,2259
1859,434
1561,434
2066,414
1868,414
2648,414
1584,2201
2290,2201
69,2201
2497,2201
1596,2201
2190,2201
741,2201
1086,2538
1085,2538
262,2538
1318,2538
2455,180
1651,180
1204,2615
457,2615
1100,2615
944,1736
2645,1736
2065,1600
2431,1600
2332,1600
2130,1163
465,1163
1441,1163
285,1163
2134,1884
2130,1884
1033,1884
382,1884
2641,1884
1582,1884
1244,1884
2014,2442
1766,2442
929,2442
1000,2442
2707,2442
2097,2442
2207,2442
2500,2442
1013,2672
1491,2672
497,2672
37,2672
751,2672
2367,2561
1035,2561
436,2561
1918,2561
1393,2561
2074,2561
1039,2561
203,832
2267,832
2499,832
1284,832
1820,832
2058,2169
304,2169
502,2169
880,2169
1204,794
2341,794
2625,1249
1325,1249
1334,1249
588,1249
654,2497
2681,2497
2003,2497
556,2497
2201,2497
2581,426
2022,426
565,426
336,426
1341,426
1127,426
2504,2001
914,2001
1751,2001
1943,2001
2337,1394
1448,1394
1145,1394
807,968
722,968
2683,968
1293,968
1066,968
2647,968
1045,968
1301,968
1441,1246
1962,2204
319,2204
93,2204
75,1900
2194,2210
739,2210
398,2210
881,2210
1352,2210
271,2210
1803,2210
683,2210
2245,2210
2451,2210
1947,2210
873,2210
1433,2210
931,2210
2444,2210
1453,2210
624,2210
351,2210
962,2210
332,2210
1903,2210
1115,2210
2327,2210
2028,2210
284,2210
1290,2210
1710,2210
1285,2210
208,2210
31,2210
1464,2027
2132,2027
2586,2027
72,2027
1003,1537
14,1715
1875,1715
1583,1519
1327,1519
2062,1519
765,1519
2702,1519
2702,315
1814,2246
273,2246
2337,2149
2091,2149
941,2149
46,756
2062,756
253,756
1656,1401
950,1401
2247,1612
890,1612
22,1612
664,1612
2445,1612
1321,872
2557,872
2386,872
2191,872
488,1024
2435,1024
2397,1024
2180,1024
1104,2152
2314,2152
578,2152
2665,2152
1037,693
160,1408
2303,1408
253,1408
700,1408
1082,594
815,594
60,594
2274,594
2498,594
181,594
2153,594
194,594
830,184
876,184
720,234
1233,234
1055,234
394,724
1055,724
2062,1406
1318,1406
2450,986
276,527
761,527
2062,214
2082,214
1559,491
283,491
1387,491
2597,491
1267,491
1572,506
1935,506
1504,506
1048,506
2387,2279
46,2279
2062,2279
2,2279
185,478
1074,478
1088,478
1138,2596
1275,2596
1398,2596
2432,2252
1457,946
950,946
875,946
224,946
882,1825
1792,1825
1076,2080
2273,2080
2498,2080
1961,10
2059,1322
2335,1322
383,1903
1162,1903
909,1903
787,1903
1148,1903
624,1903
2210,1903
1823,179
1978,2644
2319,2644
1709,2644
2572,2644
72,2644
2581,1280
260,1280
418,1280
2255,1280
2466,1280
2454,1280
1291,2126
2335,2126
2570,2126
96,165
819,1429
1272,1429
1738,1429
1094,1429
1651,1429
1724,1429
1025,1429
2130,1429
1288,1429
1150,1429
950,295
2620,295
827,295
2267,2651
1652,2651
568,2651
247,386
1327,386
700,386
2130,653
1397,653
354,1092
1413,1092
517,1092
1364,2528
532,2528
1789,2528
605,449
2584,449
616,1157
2603,820
565,820
1441,820
1267,820
688,820
1923,1449
1261,1449
1984,1449
2381,1449
1264,1449
1570,945
1922,2352
311,1977
1808,2569
232,2569
2489,128
816,128
261,128
2505,128
28,128
2036,1296
283,1296
2062,1296
1370,1296
152,1296
443,1296
2574,1273
262,1347
1502,218
2581,218
500,218
501,218
1182,218
2206,218
93,218
1795,218
1526,218
2426,218
1629,2446
2345,1797
930,1797
1701,1797
2062,1797
1162,1885
1111,1885
1031,1885
1956,541
372,541
183,541
787,1115
1148,1115
2210,1115
2417,796
1054,796
991,796
2537,796
1430,1203
1627,1203
1707,1203
1277,1372
1624,1372
497,1372
1327,1372
2656,1372
539,1372
2680,1372
267,124
1054,124
372,1209
129,474
290,903
1702,903
1403,903
1810,78
135,364
807,364
2258,364
1147,364
2135,364
99,364
1773,364
1554,364
1220,364
46,2124
1078,1443
2290,1443
1513,1443
1131,1443
249,1443
2589,1809
1518,1809
2182,1809
2025,499
863,499
1419,499
2062,499
1663,499
2500,499
293,737
64,737
145,1235
729,1235
464,1235
1244,1235
394,1055
1832,1055
1656,1055
2164,1055
1831,1055
2311,1055
1894,1055
645,1055
2102,1055
2473,1055
2686,1055
1869,1055
1172,1055
99,1055
2506,1055
1631,1055
691,1055
1657,1055
1802,1055
2399,1055
1985,1055
38,1055
234,1055
724,1055
405,1055
2553,1055
175,1055
2041,1055
1243,1055
276,1055
2304,1055
1944,1055
2039,1055
224,1055
926,1055
664,1055
498,1055
843,1055
2292,1055
2286,1055
1533,1055
390,1055
455,1530
2547,1530
2102,1530
978,1530
1558,1530
1657,1530
719,1530
22,1530
2382,1530
926,1530
664,1530
498,1530
843,1530
2293,1530
761,1530
2482,1530
833,1530
1651,2265
121,2265
2,2265
290,608
610,353
585,353
1494,353
1332,353
858,319
2581,319
1754,319
1962,319
1716,319
1561,319
142,319
2402,319
2204,319
2298,319
2019,319
1872,319
93,319
1413,319
2471,319
1046,319
402,319
1863,1854
1248,1854
757,1854
1207,2270
1208,2270
524,2270
889,2542
192,2542
2415,1306
1956,1306
1023,1306
1989,2104
1204,2484
2093,2484
1074,2484
586,2484
557,2484
2480,2484
2628,2298
2439,2298
319,2298
1565,2298
1920,2534
882,2534
200,2534
2659,2534
2305,2534
2646,1303
285,1303
106,2703
782,1746
1389,1746
1995,1746
2247,1283
950,1283
645,1283
777,209
2366,209
1667,209
1,1237
545,1237
2227,1237
1186,2566
1000,1038
1651,1038
2568,1041
1576,1041
1897,1041
446,1041
2062,1948
1737,1948
1915,1404
2421,1404
2532,1404
947,1404
1007,2461
2031,2260
1366,668
2370,668
870,668
168,668
950,1057
1750,1057
744,1057
487,1431
841,1431
1963,1431
2069,1431
772,1431
203,568
2267,568
658,568
2499,568
2651,568
2516,1935
506,1935
1388,1935
1403,1935
2271,310
221,310
1310,310
1293,310
1069,310
1771,310
1045,310
223,310
1828,310
333,310
264,310
897,310
950,975
2620,975
827,975
1024,488
2435,488
2180,488
1766,1713
627,1713
1863,1248
1854,1248
2130,1758
2535,1758
1397,1758
455,2524
1420,2524
1651,2524
1770,2524
617,572
911,572
754,572
423,572
2321,2562
267,2562
1358,2562
2637,2325
913,2325
197,2325
910,2325
1008,1810
78,1810
200,1810
1403,1810
1265,911
617,911
613,911
2405,911
572,911
754,911
857,637
606,637
575,637
1661,2097
2442,2097
1078,1742
1541,1742
2255,1742
1640,1742
2164,1616
743,1616
953,1616
1076,1616
2391,1616
290,1702
903,1702
1730,1702
1994,1702
1828,1702
494,1702
2504,1666
2565,1815
84,1236
1441,1236
2577,1236
1651,1482
2012,1482
2208,1482
1441,1482
2012,2208
1356,2208
1482,2208
1441,2208
1845,2208
1766,582
1130,582
1000,582
121,582
1393,582
2366,2576
1672,2576
65,2310
412,2310
663,2310
2471,2196
202,2196
239,118
978,118
2686,118
196,118
1257,118
2326,118
2083,118
451,118
1838,118
239,2470
196,2470
1064,2470
1257,2470
2326,2470
1638,2470
1351,2470
451,2470
1838,2470
738,2470
1508,2179
1850,2179
285,2179
906,2179
631,1011
2437,1011
160,2695
2303,2695
253,2695
2383,2388
1447,2281
313,2281
1662,2281
1695,2281
42,1389
1746,1389
588,1389
1592,1032
1727,1032
807,1407
1188,1407
189,1409
2184,1733
638,1733
41,1733
1853,1733
2322,1733
2361,1733
803,1733
726,1733
2086,1733
817,1733
1340,1733
1250,1733
2094,1733
546,1733
1986,1733
984,1733
2117,1733
1004,1733
695,1733
2065,2431
278,2431
122,2431
1600,2431
2280,2431
1794,458
1887,2520
1051,2520
1437,2520
958,2464
2321,457
2615,457
2498,457
2653,457
2381,2613
2532,2613
1934,2155
2219,2155
22,2155
1518,380
971,200
1920,200
2226,200
489,200
925,200
2642,200
1063,200
1706,200
2194,200
337,200
338,200
1999,200
2072,200
507,200
9,200
2287,200
711,200
702,200
1861,200
227,200
1866,200
2583,200
2323,200
1752,200
2404,200
641,200
251,200
2385,200
254,200
263,200
493,200
1649,200
422,200
716,200
2316,200
515,200
447,200
1842,200
624,200
597,200
2275,200
1099,200
2550,200
2534,200
1810,200
2427,200
1414,200
350,200
2161,200
2539,200
1799,200
50,200
2199,200
1426,200
1450,200
1618,200
1621,200
378,200
509,200
2604,200
1323,200
677,200
547,200
856,200
1189,200
508,200
963,200
1067,200
1529,200
1791,200
1504,200
2049,200
994,200
648,200
1680,1383
161,1383
543,1383
2107,1383
2238,1383
1700,1383
1088,1383
1732,1383
281,1383
2198,1383
1680,1700
161,1700
579,1700
301,1700
1253,1700
543,1700
2238,1700
1918,1700
1383,1700
2369,1700
1088,1700
818,1700
1994,1700
2487,1700
1732,1700
281,1700
2198,1700
778,2448
1707,2448
2498,2448
237,2448
950,2382
2318,2382
1289,2382
464,2382
1530,2382
2081,2382
1788,2382
1830,1353
2105,1353
1518,2521
1861,1679
972,1679
2062,1679
1426,1679
604,1679
1191,1679
2062,1315
587,1315
1606,1315
2498,1315
2082,1315
2140,88
518,88
1327,88
2062,88
823,88
2062,757
1854,757
928,757
883,757
1318,757
2062,555
522,555
1919,555
1766,958
2062,958
2464,958
647,958
2468,1759
1914,1759
2062,1759
1096,1759
1466,2357
2468,2357
2062,2357
283,36
2170,36
2062,36
1919,36
428,510
2062,510
883,510
2030,510
1085,1685
2062,1685
1644,1685
1123,1685
1914,2023
580,2023
2062,2023
1318,2023
1914,73
580,73
2062,73
1318,73
1015,1695
1867,1695
1327,1695
1818,1695
2062,1695
2281,1695
1896,1695
311,1695
312,2571
1624,2571
2062,2571
62,371
497,371
1559,371
2062,371
789,371
1559,789
2062,789
371,789
600,789
1658,789
610,522
89,522
1330,522
1327,522
1230,522
1590,522
2062,522
215,522
555,522
2495,522
1332,522
532,522
2324,522
1174,522
1789,522
2390,522
2062,1683
1663,1683
700,1683
199,1096
2062,1096
1759,1096
747,1639
2062,1639
2239,1639
1689,1639
1480,1639
584,2
1651,2
2062,2
2279,2
2265,2
2062,928
757,928
1914,883
2062,883
757,883
510,883
1860,883
1766,1387
46,1387
2130,1387
2062,1387
491,1387
106,2519
1590,2519
2062,2519
1914,2495
2062,2495
522,2495
2390,2495
2675,750
798,750
2552,750
2062,750
577,750
1663,750
224,750
2688,750
1592,1367
229,1367
2062,1367
347,1367
2622,401
1914,401
2218,401
2062,401
1594,401
257,401
2701,587
2062,587
1315,587
2082,587
67,587
1231,1606
2262,1606
580,1606
2062,1606
1315,1606
262,1606
733,1606
936,1606
1931,1606
2344,1332
1624,1332
584,1332
1133,1332
2145,1332
1590,1332
2062,1332
353,1332
522,1332
765,1332
316,1332
940,1332
2693,1332
1103,1332
1766,1522
121,1522
2062,1522
2116,1522
763,1077
2467,1077
1065,1077
2004,1077
2313,1077
1660,1077
2468,1077
2062,1077
215,1077
1520,1077
2393,1077
746,1077
2419,1077
823,1077
321,1077
2125,805
1258,805
863,805
798,805
2062,805
577,805
1663,805
1349,805
2500,805
2062,1369
1318,1369
62,532
2170,532
2062,532
393,532
2528,532
522,532
1789,532
1110,1672
2062,1672
2576,1672
2360,1421
2062,1421
1085,164
1110,164
2062,164
585,1520
2062,1520
1077,1520
1919,1520
2062,262
2538,262
1347,262
1606,262
1318,262
733,262
62,2600
2062,2600
2011,2600
1789,2600
2387,687
2062,687
1017,687
2387,1992
840,1992
2062,1992
2387,1017
1578,1017
2062,1017
687,1017
2062,1860
883,1860
1318,1860
1956,1023
160,1023
2214,1023
2062,1023
1306,1023
1626,1023
2303,2579
2062,2579
773,2579
349,2393
2313,2393
2707,2393
2062,2393
1077,2393
626,2393
132,2526
1451,2526
2392,2526
2062,2526
1085,1543
2062,1543
2351,1896
2112,1896
2189,1896
2150,1896
2062,1896
1695,1896
1586,1896
341,174
2053,174
2363,174
2062,174
1592,347
1727,347
229,347
2062,347
1367,347
1330,1892
2062,1892
699,1318
1553,1318
2313,1318
2168,1318
2261,1318
1434,1318
2062,1318
2223,1318
2538,1318
1406,1318
757,1318
2023,1318
73,1318
1369,1318
262,1318
1860,1318
1772,1318
2062,733
1606,733
262,733
1055,405
1533,405
1055,2553
672,2553
834,2553
455,175
2371,175
418,175
1055,175
950,2041
1549,2041
1055,2041
7,2041
950,1243
1055,1243
664,1243
455,276
950,276
783,276
2318,276
527,276
1055,276
2286,276
744,276
2318,2304
1965,2304
2432,2304
1055,2304
843,2304
249,2304
1055,1944
2458,2039
950,2039
645,2039
1934,2039
1055,2039
1824,224
2633,224
2595,224
2552,224
710,224
1536,224
946,224
1055,224
750,224
744,224
298,224
2688,224
2164,926
783,926
1055,926
1530,926
2249,926
645,664
2620,664
1612,664
1055,664
1530,664
1243,664
2510,664
455,498
950,498
1233,498
1055,498
1530,498
2083,498
1831,843
1055,843
1530,843
2304,843
2247,2292
950,2292
1055,2292
2543,2292
1374,2292
950,2286
645,2286
783,2286
2318,2286
1055,2286
276,2286
827,2286
824,2286
1055,1533
405,1533
2164,390
1590,390
1055,390
744,390
812,390
455,2293
2547,2293
974,2293
1253,2293
1530,2293
720,761
527,761
1530,761
455,2482
950,2482
1530,2482
2335,2482
744,2482
2249,2482
2290,833
22,833
1530,833
455,249
783,249
2290,249
1443,249
2304,249
2458,1430
196,1430
1203,1430
1130,1627
2209,1627
1203,1627
744,1627
99,172
688,172
686,1263
686,2503
718,2503
20,2503
2609,2503
686,20
2177,20
2503,20
2609,20
381,20
1820,20
2503,2609
20,2609
1890,2609
950,2046
2326,2046
1590,2046
1126,2046
2607,2046
950,827
1501,827
2318,827
243,827
1590,827
295,827
975,827
2286,827
950,2427
1590,2427
1440,2427
200,2427
1279,862
2109,862
1590,862
2145,1211
1590,1211
22,1211
326,1211
773,1211
950,2488
1590,2488
1333,2488
1959,388
307,388
2502,388
1590,388
950,765
1590,765
1519,765
1332,765
773,765
455,1213
950,1213
783,1213
1172,1213
1590,1213
1196,2677
1008,2677
965,2677
2406,728
1078,728
602,728
1008,728
1403,728
1212,528
1008,528
2335,528
1008,965
2677,965
2335,965
971,2335
1960,2335
1834,2335
866,2335
943,2335
1381,2335
602,2335
907,2335
1726,2335
484,2335
1266,2335
2087,2335
691,2335
273,2335
2568,2335
2516,2335
1008,2335
902,2335
2221,2335
2704,2335
1587,2335
1310,2335
447,2335
2059,2335
2289,2335
1322,2335
2126,2335
2482,2335
528,2335
965,2335
519,2335
2010,2335
367,2335
1365,2335
666,2335
2394,2335
846,2335
1224,2335
2570,2335
1414,2335
2244,2335
39,2335
2365,2335
508,2335
2335,519
39,519
602,2010
2335,2010
2498,2010
1403,2010
1436,2010
64,367
2335,367
602,1365
2335,1365
1291,666
2335,666
1111,666
155,2394
2335,2394
1064,846
2335,846
1064,1224
2335,1224
97,1224
2250,1224
2126,2570
2335,2570
1734,2570
200,1414
2335,1414
1791,1414
1009,2244
882,2244
2007,2244
2087,2244
2335,2244
2335,39
519,39
882,2365
2350,2365
2335,2365
839,2114
2085,2114
1857,2114
2572,2114
2673,2114
2314,2114
1801,2114
589,2114
2589,1801
703,1801
2572,1801
2114,1801
2231,589
2085,589
1857,589
2557,589
2386,589
2114,589
2191,589
808,589
2386,2191
872,2191
589,2191
1021,2191
1983,1021
2557,1021
2386,1021
2191,1021
802,808
1230,808
2557,808
589,808
569,808
731,628
1360,628
1216,628
744,628
1636,266
731,266
731,331
2424,917
2145,917
1029,917
2140,1029
692,1029
1043,1029
917,1029
520,1029
1871,661
314,661
2532,661
2017,1991
1871,1991
785,672
1432,672
690,672
2553,672
2581,2121
1182,2121
2606,2121
1767,2121
2271,1771
255,1771
1182,1771
310,1771
2118,1771
865,1771
1651,679
21,679
1267,679
108,2379
1505,2379
889,2379
1651,2379
2471,2379
829,1045
1359,1045
1651,1045
1602,1045
968,1045
310,1045
1547,1045
828,1045
2248,1045
1047,1045
1000,2494
1651,2494
2134,891
1651,891
1343,891
2176,163
1651,163
1651,350
200,350
856,350
1893,350
1968,350
1766,268
1000,268
1651,268
1840,2069
1651,2069
2130,2069
144,2069
1431,2069
1435,2069
1175,2069
135,1554
2258,1554
1147,1554
1651,1554
725,1554
364,1554
1441,1554
86,1725
1000,1725
2018,1725
1651,1725
807,1770
245,1770
1651,1770
2130,1770
2524,1770
688,1770
200,2161
744,2161
200,2539
200,1799
1385,50
200,50
950,2199
1952,2199
200,2199
744,2199
812,2199
1012,1426
200,1426
1679,1426
2026,1450
200,1450
200,1618
2498,1618
200,1621
200,378
1829,509
698,509
200,509
1723,509
227,2604
200,2604
1999,1323
882,1323
254,1323
200,1323
942,677
2505,677
200,677
2323,547
200,547
200,856
350,856
1893,856
338,1189
1009,1189
2512,1189
200,1189
309,508
826,508
1063,508
1134,508
324,508
1345,508
809,508
200,508
2335,508
1722,508
489,963
882,963
200,963
2498,963
394,1067
1867,1067
2264,1067
200,1067
200,1529
2007,1791
1632,1791
200,1791
1414,1791
2498,1791
1572,1504
440,1504
506,1504
200,1504
1048,1504
1593,1504
882,2049
200,2049
2498,2049
200,994
2498,994
200,648
2472,648
394,867
1888,867
1402,867
1511,1033
1741,1033
1888,1033
1884,1033
5,365
1888,365
2269,365
1208,365
1888,2586
1464,2586
2132,2586
2027,2586
2174,2586
1766,1101
976,1101
1714,1101
1888,1101
121,1101
1888,63
1550,2453
2079,2453
1888,2453
2527,2453
1061,2453
2174,2453
1888,1061
2453,1061
603,1061
1085,936
1606,936
1085,2020
1594,2020
1085,1594
401,1594
2020,1594
1078,880
2169,880
2380,880
1251,880
2255,880
2096,880
1403,880
417,880
1454,880
880,2380
1454,2380
880,1251
1403,1251
1454,1251
1280,2255
1742,2255
880,2255
2378,2096
880,2096
562,223
507,223
1924,223
2076,223
1975,223
908,223
2690,223
563,223
2550,223
151,223
310,223
1403,223
1893,223
1779,223
1857,2597
491,2597
2054,448
2551,448
1988,448
1786,448
448,1786
2240,1786
2626,647
1857,647
48,647
958,647
2071,2674
1857,2674
569,2674
416,2674
2408,2674
1857,855
2577,855
2337,2091
1857,2091
2149,2091
1460,2091
19,2091
941,2091
2231,569
2085,569
1988,569
1822,569
168,569
2657,569
808,569
2674,569
2240,569
27,569
2551,2240
1988,2240
346,2240
1786,2240
569,2240
1933,2240
2182,2240
1748,2240
168,27
569,27
1933,27
290,1276
1441,1276
290,2369
1700,2369
305,2369
409,2369
1137,2369
2496,305
290,305
1634,305
2078,305
1144,305
2229,305
1813,305
2369,305
1766,1393
252,1393
1000,1393
1035,1393
894,1393
2561,1393
582,1393
252,1435
132,1435
1293,1435
1385,1435
2069,1435
97,1435
1019,1168
2243,1168
47,989
2243,989
1309,989
2410,989
481,1707
2640,1707
169,1707
2243,1707
205,1707
1203,1707
2448,1707
632,1707
813,1707
1493,1707
2375,1911
591,1911
2284,1911
2243,1911
1439,1441
570,1441
147,1441
472,1441
564,1441
841,1441
1645,1441
2603,1441
2336,1441
1418,1441
2689,1441
1982,1441
1254,1441
1128,1441
1850,1441
2594,1441
1163,1441
1246,1441
820,1441
1236,1441
1482,1441
2208,1441
1554,1441
1276,1441
299,1441
336,1441
560,1441
1335,1441
2452,1441
1603,1441
2034,1441
1441,299
1262,299
143,336
426,336
1441,336
1420,560
1441,560
590,560
472,1335
1441,1335
1645,2452
2603,2452
2130,2452
465,2452
1773,2452
1441,2452
570,1603
1441,1603
791,1603
1490,1603
1070,1603
1227,1603
501,900
1665,900
2206,900
2306,1105
2206,1105
2206,2580
961,2580
639,1619
2206,1619
961,1619
1561,949
2206,949
272,949
570,791
1561,791
2206,791
1603,791
363,791
1097,791
1638,791
2496,961
1120,961
1390,961
1939,961
2694,961
2619,961
2438,961
343,961
2580,961
1619,961
764,961
1730,961
2508,961
1214,764
1562,764
961,764
2639,764
732,764
116,1730
1702,1730
961,1730
1403,1730
1293,2508
961,2508
12,2327
962,2327
2210,2327
271,1469
962,1469
284,1469
398,859
12,859
2444,859
962,859
1352,804
962,804
2451,2028
1433,2028
931,2028
962,2028
2210,2028
271,284
12,284
962,284
2210,284
1469,284
944,1735
222,1735
1735,222
2373,1290
2210,1290
271,1710
12,1710
2444,1710
2210,1710
12,1285
2444,1285
624,1285
2210,1285
1316,1285
1499,208
1608,208
2210,208
351,31
2210,31
1291,2120
1976,2120
1177,2120
1676,2120
2131,2120
1111,2120
1291,1676
1608,1676
166,1676
2120,1676
2131,1676
413,1676
1291,2131
2120,2131
1676,2131
1111,2131
1291,413
166,413
1676,413
1111,413
1291,1734
2570,1734
1111,1734
1291,550
1148,550
1291,1111
1976,1111
1608,1111
1215,1111
1162,1111
515,1111
166,1111
624,1111
534,1111
1885,1111
666,1111
2120,1111
2131,1111
413,1111
1734,1111
1908,1328
1388,1328
8,1328
148,1328
1908,1388
146,1388
639,1388
1595,1388
2139,1388
1935,1388
1328,1388
8,1388
2413,1388
148,1388
1104,578
2314,578
2152,578
1075,1460
967,1460
1518,1460
2091,1460
2652,1460
1382,1460
1486,1460
2174,1460
435,1460
504,2652
760,2652
2092,2652
775,2652
1028,2652
1460,2652
1382,2652
2627,2652
760,1382
1028,1382
1460,1382
2652,1382
255,1486
969,1486
1518,1486
1460,1486
76,1486
1081,1486
1464,2174
2132,2174
701,2174
1518,2174
2586,2174
2453,2174
1460,2174
2337,2492
1166,2492
2626,2492
1477,2492
1193,2492
168,1933
2240,1933
27,1933
416,1933
2315,1122
735,1122
1487,1122
1487,1954
1969,1954
1058,1954
1487,1058
1954,1058
2058,409
161,409
2369,409
24,409
1088,409
1204,24
409,24
2031,1088
1945,1088
304,1088
161,1088
1852,1088
970,1088
543,1088
478,1088
1383,1088
1700,1088
409,1088
281,1088
836,818
1700,818
1702,1994
1700,1994
1403,1994
1700,2487
1953,2487
2198,2487
1274,1732
1383,1732
1700,1732
1383,281
1700,281
1088,281
565,772
1773,772
1431,772
86,285
462,285
1511,285
2171,285
2018,285
2603,285
1874,285
1396,285
2698,285
1163,285
1303,285
2179,285
2333,285
1845,285
236,285
1741,2333
1207,2333
285,2333
2130,1845
465,1845
659,1845
2208,1845
285,1845
2242,1845
241,1845
1584,236
2602,236
285,236
286,382
1884,382
2079,323
286,323
340,323
976,323
696,323
286,1547
1045,1547
828,1547
523,1547
1047,1547
286,828
1359,828
1045,828
1547,828
1047,828
286,2641
1511,2641
1884,2641
2696,2364
286,2364
1964,496
606,496
1813,496
1403,496
606,2074
575,2074
1035,2074
436,2074
2561,2074
2077,512
606,512
1265,2498
228,2498
2048,2498
1050,2498
916,2498
2447,2498
513,2498
2642,2498
1706,2498
1999,2498
2287,2498
819,2498
2614,2498
68,2498
1279,2498
1076,2498
1634,2498
2078,2498
2356,2498
1398,2498
1488,2498
1082,2498
2026,2498
1629,2498
493,2498
2704,2498
1025,2498
908,2498
2368,2498
2549,2498
1099,2498
594,2498
2080,2498
457,2498
2448,2498
1315,2498
2010,2498
1618,2498
963,2498
1791,2498
2049,2498
994,2498
32,2498
1690,2498
191,2498
959,2498
871,2498
1668,2498
1515,2498
2038,2498
1288,2498
2173,2498
1678,2498
2543,2498
1916,2498
2098,2498
779,2498
1442,2498
1641,2498
259,2498
1548,2498
2398,2498
1653,2498
225,2498
159,2498
74,32
2498,32
259,32
1743,32
2237,1690
2498,1690
68,191
2498,191
2498,959
2498,871
834,871
101,1668
2498,1668
1223,1515
2498,1515
1206,2038
2498,2038
1738,1288
1488,1288
1429,1288
2498,1288
1005,2173
1527,2173
2498,2173
162,2173
235,2173
1659,1678
2498,1678
1996,1678
455,2543
1130,2543
1076,2543
196,2543
2209,2543
2292,2543
2498,2543
824,2543
1564,1916
1411,1916
1665,1916
2498,1916
2447,2098
2075,2098
1894,2098
2498,2098
1178,779
1078,779
1853,779
2361,779
2498,779
1442,779
1641,779
300,779
1711,779
467,779
2190,779
1004,779
1298,779
990,779
1970,779
754,779
2498,1442
779,1442
990,1442
898,1641
66,1641
2498,1641
779,1641
467,1641
2406,259
1009,259
2498,259
32,259
2498,1548
544,2398
2498,2398
2084,2398
2498,1653
1064,225
2498,225
2474,225
2447,159
1738,159
1488,159
2498,159
1150,159
1766,360
807,360
2643,360
1159,360
623,195
1766,195
1064,195
1766,1521
392,1521
1766,1415
468,1415
1766,1373
1000,1373
1766,1091
121,1091
1267,1091
1766,1159
1880,1159
1094,1159
360,1159
1267,1159
1766,2060
2696,2060
2638,2060
725,2060
923,2060
593,627
2295,627
696,627
2638,627
2282,627
1713,627
596,627
1094,596
627,596
1964,625
1698,625
1964,2019
858,2019
132,2019
319,2019
490,2019
1698,463
1420,463
1836,463
575,460
1282,460
2013,460
340,982
575,982
1125,982
1628,982
2220,982
523,982
221,1150
479,1150
2016,1150
322,1150
1724,1150
1129,1150
391,1150
1429,1150
159,1150
2024,1150
2618,1150
1083,1150
2318,2024
1150,2024
744,2024
812,2024
1610,2618
1958,2618
1150,2618
973,2618
1150,1083
703,72
2027,72
2644,72
807,141
956,141
1188,141
956,1694
1611,1694
1126,138
2331,126
146,126
1595,126
1126,126
1704,1403
613,1403
1538,1403
119,1403
925,1403
1834,1403
987,1403
2264,1403
495,1403
1899,1403
2630,1403
704,1403
1595,1403
1949,1403
729,1403
727,1403
1787,1403
1126,1403
548,1403
1927,1403
903,1403
1935,1403
1810,1403
728,1403
2010,1403
880,1403
1251,1403
223,1403
1730,1403
1994,1403
496,1403
1525,1403
2128,1403
1938,1403
2560,1403
417,1403
681,1403
2662,1403
1926,1403
1454,1403
1064,1525
2193,1525
1403,1525
2366,2128
1403,2128
2406,1938
1403,1938
2511,2560
1403,2560
880,417
1403,417
1926,417
1909,681
1403,681
15,681
1489,681
617,2662
1078,2662
146,2662
1403,2662
1403,1926
417,1926
1078,127
356,127
1078,300
779,300
455,744
1656,744
2164,744
1831,744
2311,744
1706,744
1457,744
950,744
953,744
9,744
1583,744
1076,744
2583,744
2007,744
2404,744
1651,744
1750,744
597,744
548,744
1057,744
276,744
224,744
390,744
2482,744
1627,744
628,744
2161,744
2199,744
2024,744
1392,744
2679,744
2090,744
1457,1392
950,1392
1934,1392
744,1392
2090,1392
1154,2679
744,2679
950,2090
744,2090
1392,2090
11,2476
1754,2476
364,1220
688,1220
1561,363
791,363
983,363
1859,1097
418,1097
1561,1097
791,1097
2045,1872
319,1872
2581,93
260,93
1962,93
1561,93
2402,93
2204,93
218,93
319,93
1437,93
1561,1413
1092,1413
319,1413
2486,1413
500,2471
108,2471
1505,2471
319,2471
2196,2471
2379,2471
2353,2471
202,2471
1962,1046
319,1046
2342,1987
1003,1987
736,1987
2496,1137
1390,1137
1967,1137
2306,1137
343,1137
2369,1137
1464,933
1464,2664
1416,2623
1464,2623
1527,162
2167,162
1229,162
18,162
2173,162
1527,235
2173,235
1947,2395
905,2395
1781,2395
1014,905
332,905
2395,905
1489,905
1014,1781
332,1781
2395,1781
927,2670
690,2670
21,2670
2646,621
21,621
2294,621
2646,2294
21,2294
621,2294
1963,1267
48,1267
343,1267
491,1267
820,1267
679,1267
1091,1267
1159,1267
171,1795
218,1795
2606,1795
1819,1526
1561,1526
218,1526
2581,2426
218,2426
150,2426
2429,2426
1704,1422
2655,1422
2582,1422
2203,1422
237,1422
581,1422
1112,1422
1942,1422
2406,2203
368,2203
1422,2203
237,2203
1112,2203
1704,237
453,237
2582,237
2448,237
1422,237
2203,237
1457,298
950,298
875,298
224,298
1656,1333
1457,1333
2488,1333
1832,7
950,7
2318,7
2506,7
182,7
1549,7
1514,7
2620,7
1625,7
2041,7
1934,2081
2382,2081
720,2268
2164,2268
120,253
1233,253
160,253
1234,253
2303,253
1663,253
756,253
1408,253
2695,253
700,253
950,1855
645,1855
978,1855
950,2430
645,2430
1802,2430
139,2430
1650,2430
950,1879
890,1879
22,1879
2151,1879
950,395
1952,395
950,2607
2046,2607
950,1650
645,1650
2430,1650
950,1688
645,1688
2338,1688
1952,1688
368,581
950,581
1422,581
455,1221
455,408
516,408
106,408
2247,2151
455,2151
1448,2151
612,2151
1879,2151
1585,2151
455,1889
279,1889
433,1889
1878,1889
1400,1889
993,812
275,812
1555,812
390,812
2199,812
2024,812
2158,1841
595,1841
2678,1841
601,1841
1841,601
1511,1582
2134,1582
1884,1582
1244,1582
1974,256
2336,256
2687,256
2465,256
2646,2465
256,2465
121,632
1707,632
2490,632
121,813
1707,813
2490,813
1714,899
1511,2163
2100,2163
2247,1585
2151,1585
2247,1374
2371,1374
22,1374
2292,1374
245,1596
2201,1596
841,2242
1245,2242
2147,2242
659,2242
1845,2242
241,2242
1245,241
659,241
1845,241
2242,241
1681,1524
807,1188
2123,1188
1681,1188
1407,1188
141,1188
1611,1188
1258,1349
1681,1349
2354,1349
1663,1349
805,1349
2500,1349
1072,291
242,291
1743,291
1886,291
932,291
1072,655
1893,655
1886,655
2295,2009
2438,2009
1072,1893
2076,1893
151,1893
350,1893
856,1893
223,1893
655,1893
1779,1893
562,1779
223,1779
1893,1779
1909,1817
368,1817
1909,15
1528,15
1955,15
681,15
2178,15
1909,1711
779,1711
1489,1711
1178,1489
176,1489
66,1489
2463,1489
1955,1489
2567,1489
681,1489
905,1489
1711,1489
467,1489
1178,467
2699,467
779,467
1641,467
1489,467
1970,467
2321,1054
727,1054
796,1054
124,1054
981,1054
991,1054
1545,1054
1516,981
2321,981
727,981
1054,981
991,981
2590,991
1516,991
2321,991
1921,991
727,991
796,991
1054,991
981,991
2417,1545
2321,1545
1054,1545
1454,1545
2321,1913
792,1913
1516,792
2321,792
727,792
1913,792
56,1454
1899,1454
2630,1454
511,1454
1202,1454
607,1454
880,1454
2380,1454
1251,1454
1403,1454
1545,1454
91,1454
1051,1990
1437,1990
2606,1990
1252,906
1051,906
2698,906
2179,906
1887,1437
2065,1437
1051,1437
2520,1437
93,1437
1990,1437
2606,1437
1418,1087
565,1087
147,2697
2401,2697
333,2697
1207,1828
1310,1828
310,1828
1702,1828
1557,494
725,494
1702,494
944,714
882,714
186,714
1920,2659
2534,2659
663,2659
2305,2659
1560,663
755,663
1453,663
2310,663
2659,663
1920,2305
2534,2305
2659,2305
767,2305
2305,767
743,2249
2620,2249
926,2249
2482,2249
279,2050
2051,2050
433,2050
1878,2050
2423,2050
1400,2050
720,433
1282,433
1889,433
2050,433
877,2598
471,2598
1848,2598
1993,2598
662,2598
910,2598
837,2598
877,910
2637,910
2418,910
2325,910
2598,910
631,910
471,837
1993,837
662,837
2598,837
877,1761
1003,736
1987,736
95,1932
2130,1932
188,1932
2130,1018
2490,1018
1094,492
2130,492
1341,492
2130,1397
2535,1397
653,1397
1758,1397
1859,1341
2022,1341
2135,1341
2462,1341
1946,1341
1139,1341
1798,1341
1293,1341
1513,1341
2619,1341
1602,1341
2130,1341
426,1341
492,1341
1127,1341
2517,1341
264,1341
113,2220
575,2220
2130,2220
982,2220
1915,314
661,314
399,314
1165,314
2532,314
314,399
924,1165
314,1165
2532,1165
1871,2532
1567,2532
1404,2532
2613,2532
661,2532
314,2532
1165,2532
2005,2532
2475,2005
2532,2005
431,2088
1222,2088
1939,2088
103,2088
551,2088
87,551
1471,551
2289,551
1167,551
2088,551
204,485
2013,485
333,485
807,643
583,643
1897,643
807,1479
107,1479
2303,2129
58,700
2347,700
937,700
1408,700
386,700
1683,700
253,700
2702,700
1769,2702
2545,2702
1519,2702
315,2702
700,2702
1129,852
369,852
852,369
2045,402
1962,402
822,402
319,402
2606,402
1474,1153
329,1153
1153,329
2351,1586
1637,1586
2150,1586
1896,1586
977,1586
2351,977
2241,977
1637,977
2635,977
57,977
2150,977
1455,977
1586,977
1255,45
2000,45
28,45
537,45
593,523
1766,523
1000,523
1207,523
121,523
1547,523
982,523
591,1687
1492,230
265,230
1962,230
2606,230
400,230
2581,150
1754,150
1962,150
2200,150
2426,150
192,150
2359,150
1423,150
2045,2606
2581,2606
132,2606
1000,2606
1962,2606
475,2606
2402,2606
676,2606
2692,2606
2121,2606
1795,2606
1990,2606
1437,2606
402,2606
230,2606
2486,2606
55,2606
706,2606
2224,2606
2581,400
1962,400
230,400
131,1843
1448,1843
1293,1301
1066,1301
2647,1301
968,1301
803,1250
1819,1250
1478,1250
1733,1250
2466,1250
2184,2094
803,2094
817,2094
1733,2094
1420,81
570,1638
1420,1638
2032,1638
171,1638
2470,1638
791,1638
1420,1836
463,1836
335,2507
1923,1027
1984,1027
277,1027
2381,1027
790,948
1575,790
113,790
1724,790
948,790
2103,790
1904,2103
2544,2103
1396,2103
790,2103
2542,192
150,192
2581,2359
1505,2359
889,2359
278,2359
2200,2359
150,2359
884,2486
850,2486
1561,2486
1413,2486
2606,2486
2581,2466
260,2466
418,2466
734,2466
920,2466
1819,2466
1280,2466
1250,2466
2454,2466
1141,2466
2581,2454
1280,2454
2466,2454
2581,1141
999,1141
2466,1141
1505,1423
889,1423
884,1423
150,1423
920,326
1478,326
1211,326
1623,326
780,326
1328,8
1388,8
292,8
617,2413
146,2413
1388,2413
617,148
1328,148
1388,148
255,2283
748,2283
76,2283
1663,1173
1915,947
2421,947
1404,947
330,1339
1712,1339
2219,4
2006,4
2122,1386
1337,1386
1906,1386
1658,1386
342,92
1757,92
1337,92
342,2669
1535,2669
1658,2669
342,600
94,600
789,600
1658,600
1757,1658
94,1658
2122,1658
789,1658
1386,1658
2669,1658
600,1658
397,2013
147,2013
338,2013
460,2013
485,2013
450,109
1625,109
2099,1767
85,1767
2121,1767
2360,2067
1914,2067
580,2067
1931,2067
1093,2067
2168,1931
2360,1931
580,1931
1606,1931
2067,1931
2481,1931
2232,1563
2272,1563
2235,1563
1240,1563
2232,1591
694,1591
2272,1591
2235,1591
2232,2235
694,2235
2272,2235
1053,2235
1563,2235
1591,2235
1240,2235
656,2235
2232,1240
2272,1240
1053,1240
1563,1240
2235,1240
694,656
2272,656
2235,656
697,524
1210,524
1208,524
1247,524
2270,524
1774,524
469,1774
2147,1774
1356,1774
524,1774
1481,1774
1574,1774
697,23
740,23
469,23
602,1006
2405,1006
1610,1006
1169,1006
2606,55
1523,55
501,706
144,706
2606,706
896,2224
2606,2224
1351,2224
2692,115
1901,2627
504,2627
2652,2627
916,1953
1940,1953
2487,1953
2558,1953
2107,2558
1953,2558
2198,2558
1680,2198
916,2198
258,2198
2463,2198
1485,2198
1383,2198
1700,2198
2487,2198
2558,2198
2254,2198
1284,2198
2198,2254
258,1284
1253,1284
1682,1284
2460,1284
832,1284
2198,1284
1417,1284
1056,76
2274,76
768,76
1486,76
2283,76
521,76
76,521
2329,521
1587,1930
768,1930
1232,1930
1782,1930
1922,1930
810,1232
1930,1232
1930,1782
1922,1782
2352,1922
1930,1922
1782,1922
1195,1922
810,1195
2554,1195
1581,1195
1229,1195
1922,1195
1743,1195
1362,1195
1186,1875
1566,1875
2355,1875
860,1875
2309,1875
424,1875
1090,1875
1462,1875
669,1875
2546,1875
644,1875
557,1875
1715,1875
91,1875
14,91
2546,91
1454,91
1875,91
1371,91
588,91
830,1654
1186,1654
1462,1654
876,1654
1019,238
2439,238
1354,238
1019,1354
2439,1354
238,1354
457,2653
287,1044
2425,2469
394,1402
867,1402
1639,2239
170,44
70,878
1084,878
2190,878
327,878
892,847
1918,847
70,847
1967,1164
894,1164
2290,912
1513,912
2031,1185
2290,1185
1804,1185
1350,2629
1669,2300
282,2300
2193,2300
171,835
2529,835
738,835
983,835
171,2529
835,2529
461,864
778,864
1064,864
1873,864
1187,864
1351,864
1089,2182
1633,2182
2589,2182
2440,2182
1809,2182
2240,2182
1876,2182
1089,1876
770,1876
2563,1876
1534,1876
2182,1876
635,1876
1518,1355
1518,1597
1518,561
465,2207
1518,2207
2442,2207
967,435
1518,435
1460,435
2134,1343
2367,1343
891,1343
1505,2429
995,2429
2426,2429
2228,2608
1254,2608
2036,1117
497,1117
626,1117
1870,1744
82,1744
583,1744
112,1744
1293,1744
1293,2248
1045,2248
1047,2248
1359,333
1293,333
565,333
310,333
2697,333
485,333
831,1811
1293,1811
1455,1811
2091,19
1300,19
1510,1300
1576,1300
19,1300
941,1300
2149,941
2091,941
1300,941
420,1179
1326,1179
1882,1179
2263,1882
420,1882
1179,1882
934,51
1256,51
2479,51
1820,51
934,2115
53,2115
1102,2115
1820,2115
1497,2115
1068,1351
1381,1351
1116,1351
1064,1351
1219,1351
2470,1351
2224,1351
864,1351
1523,1351
55,1523
1351,1523
1418,1127
426,1127
1341,1127
2320,2517
1341,2517
1538,264
1813,264
322,264
310,264
1341,264
980,1169
110,1169
1006,1169
2609,1890
2234,1890
381,1890
1890,2234
20,381
1890,381
719,2684
1064,2474
225,2474
1064,546
1733,546
228,1671
1064,1671
616,1671
1345,851
2433,851
1064,851
2490,851
461,97
1196,97
1187,97
1224,97
1435,97
2250,97
1196,2250
1187,2250
1224,2250
97,2250
344,2250
602,746
1360,746
1077,746
1218,2181
602,2181
1833,2181
2456,2181
290,1722
486,1722
1319,1722
2650,1722
1226,1722
116,1722
1247,1722
508,1722
2685,1490
1603,1490
2471,2353
202,2353
1222,1607
1396,1607
972,604
1679,604
251,1191
1679,1191
1214,1119
1897,614
623,2639
1539,2639
764,2639
118,2083
498,2083
196,451
118,451
2470,451
118,1838
2470,1838
2470,738
835,738
2382,1788
749,2217
1308,2217
2552,2688
710,2688
750,2688
224,2688
592,834
2553,834
871,834
2632,824
1483,824
2286,824
2543,824
2404,2510
139,2510
664,2510
357,2510
2510,357
2051,1878
2591,1878
1889,1878
2050,1878
1623,1878
2423,1878
927,1623
326,1623
1878,1623
2050,2423
1878,2423
100,1640
1541,1640
1742,1640
1561,517
354,517
1092,517
763,2324
522,2324
916,2190
2463,2190
1156,2190
894,2190
1541,2190
2201,2190
779,2190
878,2190
2611,2190
1756,2611
1739,2611
2003,2611
2190,2611
1171,2611
878,327
594,181
1689,181
1697,2153
2274,2153
594,2153
194,2153
594,194
2153,194
1217,1655
599,574
431,2634
244,2634
583,244
103,244
2634,244
732,244
1733,1986
2086,984
1733,984
695,984
260,2117
418,2117
1733,2117
1266,1004
1733,1004
779,1004
101,695
2095,695
2086,695
391,695
1733,695
984,695
1784,695
1035,1039
1918,1039
2561,1039
1052,1775
2066,1775
1223,1775
1109,1775
220,1775
2648,1775
2066,2358
220,2358
2648,2358
2066,1379
1109,1379
2648,1379
2066,2073
2031,2002
2006,2002
1968,2002
2256,2006
1320,2006
4,2006
2002,2006
1968,2006
1204,1968
2031,1968
350,1968
2002,1968
2006,1968
1467,1784
101,1784
2095,1784
2086,1784
695,1784
699,520
518,520
1327,520
2424,520
2540,520
1385,520
1314,520
1183,520
1839,520
1029,520
2148,520
1960,973
2405,973
2618,973
1708,973
2405,1755
1528,2089
2042,2665
2152,2665
2141,983
363,983
835,983
2614,2082
2262,2082
1010,2082
54,2082
214,2082
1315,2082
587,2082
2345,67
1118,67
587,67
1295,28
2233,28
334,28
2176,28
816,28
261,28
2505,28
466,28
128,28
45,28
2372,28
2037,28
868,28
537,28
28,2372
868,2372
28,2037
868,2037
28,868
2372,868
2037,868
2505,537
45,537
28,537
518,2148
1327,2148
520,2148
2075,811
1089,2162
1089,635
1321,635
1496,635
1876,635
758,1941
1643,1941
654,1941
622,1941
1513,1941
1739,1941
2003,1941
2140,505
294,1298
779,1298
1587,990
779,990
1442,990
1178,1970
779,1970
467,1970
572,754
911,754
779,754
2160,1114
2439,1114
1565,1114
682,1565
1155,1565
974,1565
2160,1565
1292,1565
2127,1565
2567,1565
2585,1565
2298,1565
1114,1565
310,897
1130,2490
2640,2490
205,2490
632,2490
813,2490
1018,2490
851,2490
682,1957
1125,1957
2681,1957
1274,376
682,376
1965,376
1756,376
1281,376
633,376
147,2034
1458,2034
2257,2034
47,2034
21,2034
1441,2034
1332,316
773,316
797,940
61,940
1332,940
2693,940
773,940
797,2693
1332,2693
940,2693
773,2693
59,1103
1332,1103
773,1103
14,2480
2484,2480
1766,1481
468,1481
2171,1481
2666,1481
1777,1481
730,1481
1245,1481
169,1481
2147,1481
1247,1481
1062,1481
659,1481
1774,1481
1574,1481
1465,1481
1599,1481
1777,1574
2147,1574
1356,1574
1774,1574
1481,1574
2171,1465
1062,1465
1481,1465
1481,1599
572,423
1342,423
203,1417
1253,1417
2460,1417
1284,1417
1609,1417
203,1205
1253,1205
1793,1170
1253,1170
1609,1170
2667,1170
566,1016
1753,1016
875,1753
1016,1753
1707,1493
829,1047
1132,1047
1359,1047
1045,1047
1547,1047
828,1047
2248,1047
1998,356
127,356
1851,1677
722,1677
387,1677
2065,2280
2431,2280
2087,289
781,289
1484,709
709,1484
2509,1996
2433,1996
1678,1996
522,1174
2308,1174
1151,1174
748,2308
1174,2308
1133,1151
1174,1151
2390,1151
2619,1936
157,1936
1936,157
558,490
858,490
132,490
479,490
652,490
2019,490
858,1175
1859,1175
678,1175
2069,1175
2489,2302
1391,554
2032,1070
1603,1070
583,188
1012,188
374,188
1932,188
1717,2118
1771,2118
1571,1244
1884,1244
1235,1244
1582,1244
1040,1244
1244,1040
1199,1907
1981,1907
366,1907
1907,366
1286,1806
2642,854
1176,854
2525,2340
2340,2525
1670,2691
1793,1609
1253,1609
480,1609
1417,1609
1170,1609
1793,2667
1170,2667
1576,1611
446,1611
1694,1611
1188,1611
1424,1336
274,1336
2021,1336
274,2021
1336,2021
33,318
585,318
814,318
2501,318
584,1846
33,1846
585,1846
814,1846
585,1370
1296,1370
584,1198
33,1198
585,1198
814,1198
443,1198
1762,2419
1077,2419
2415,823
349,823
2313,823
88,823
1077,823
879,823
349,321
2313,321
1077,321
879,321
1445,1919
525,1919
215,1919
555,1919
36,1919
1520,1919
801,1919
80,1919
1445,801
384,801
1919,801
1445,80
2070,80
61,80
1360,80
1919,80
1736,2645
2125,2500
2675,2500
1258,2500
1692,2500
798,2500
2354,2500
1701,2500
577,2500
2442,2500
499,2500
805,2500
1349,2500
2344,773
120,773
1234,773
2579,773
1211,773
765,773
316,773
940,773
2693,773
1103,773
2441,773
773,2441
1123,2441
307,865
1771,865
1428,2601
885,2601
2514,2601
1428,406
885,406
2514,406
670,406
1034,1313
229,1313
2197,590
560,590
1745,590
1262,590
2197,1745
590,1745
2035,2202
1059,2202
2035,152
1296,152
1980,845
1800,167
2267,445
771,445
1256,445
1682,445
934,1820
2288,1820
1256,1820
2479,1820
2177,1820
53,1820
1102,1820
832,1820
20,1820
51,1820
2115,1820
477,1820
2288,477
53,477
1820,477
1160,626
2004,626
1660,626
2393,626
1117,626
2060,923
901,923
923,901
308,1376
886,1376
1317,2339
886,2339
617,177
1342,177
762,799
260,799
1036,799
939,799
2141,799
705,799
1674,2420
2341,2420
1674,421
1620,421
764,732
244,732
1015,311
2377,311
425,311
1914,311
1977,311
1695,311
1228,311
2398,2084
145,1060
759,2068
929,1143
1377,1143
1254,1143
420,745
346,745
1424,1647
1108,1647
1617,646
960,646
2343,960
1617,960
646,960
462,688
465,688
820,688
172,688
1770,688
1220,688
2637,631
1011,631
910,631
1928,2015
1928,2110
796,2537
2031,1804
1185,1804
168,416
2674,416
1933,416
341,1772
2407,1772
2053,1772
1914,1772
1318,1772
489,1342
1146,1342
423,1342
177,1342
2264,438
1667,438
2366,1667
2705,1667
209,1667
438,1667
2115,1497
2071,1823
2315,1823
179,1823
1274,1699
682,1699
2585,1699
142,2332
1600,2332
1572,1048
506,1048
1504,1048
1572,1593
2307,1593
440,1593
296,1593
1504,1593
475,403
2467,879
2262,879
2587,879
525,879
823,879
321,879
2051,1400
1889,1400
2050,1400
674,1201
2263,71
552,2481
2154,2481
1931,2481
12,1316
2444,1316
1285,1316
2238,1743
32,1743
291,1743
1195,1743
1886,1743
2674,2408
326,780
2392,567
1011,2437
2468,111
2157,111
313,2157
1622,2157
2468,2157
111,2157
814,2157
952,1837
735,1837
2312,1837
427,2312
1837,2312
1405,1371
918,1371
2309,1371
1090,1371
2546,1371
91,1371
77,1371
2238,1886
291,1886
655,1886
1743,1886
2003,1375
556,1375
2585,1375
8,292
584,1475
33,1475
1891,1475
584,795
33,795
1739,1171
2003,1171
2611,1171
2387,1093
2067,1093
1579,766
1140,766
2575,514
1326,634
1028,634
2422,2136
1684,814
1622,814
318,814
1846,814
1198,814
2157,814
1949,1030
68,2578
1535,2236
358,2277
30,2277
641,2277
444,2277
2276,2277
1071,2276
2277,2276
1192,1242
1856,712
396,712
918,77
185,77
2625,77
2546,77
1371,77
452,2329
521,2329
1551,2329
1107,2329
2329,1551
1157,616
1671,616
1697,2291
1780,1362
117,1362
1195,1362
1858,1604
1686,615
1863,717
2701,717
1330,717
79,717
2493,1796
2288,1796
640,16
640,1721
2010,1436
1780,1601
2250,344
2257,2410
46,2410
1309,2410
2314,2410
989,2410
2540,1194
1059,1194
1082,1689
747,1689
1639,1689
181,1689
1480,1689
1693,2656
1476,2656
1372,2656
1372,539
1693,2680
1476,2680
1372,2680
2181,2456
428,2030
510,2030
2376,2030
2030,2376
1260,2491
842,2491
1074,90
2334,90
104,1877
1074,1877
1438,1877
98,1877
723,1877
2211,1149
1512,1149
193,1149
2211,1512
1149,1512
2211,193
1149,193
493,2621
1113,1568
1731,1568
156,1568
667,2230
328,2230
1412,2230
2573,2230
2472,2230
1412,549
2230,2573
648,2472
2230,2472
1071,430
2306,432
2196,202
2471,202
2353,202
1921,1358
2562,1358
1960,1708
973,1708
2554,2296
1581,2296
598,2296
2504,1751
2554,1751
914,1751
2001,1751
1086,1517
692,1517
1829,1723
2368,1723
509,1723
530,2536
2347,306
1830,2105
1353,2105
1357,2186
1756,1937
291,932
101,407
101,1022
2086,1022
391,1022
2213,2445
1612,2445
1988,1748
2240,1748
1522,2116
368,1648
1100,1648
2366,137
2528,1789
522,1789
532,1789
2600,1789
1133,2390
2062,2390
742,2390
522,2390
2495,2390
1151,2390
1501,2411
747,1480
1639,1480
1689,1480
1531,861
774,362
1278,362
419,2592
2592,419
885,52
670,52
2396,52
2289,1380
385,657
1662,957
84,2577
1236,2577
855,2577
383,1278
362,1278
1975,348
1958,1979
1973,2661
2259,2661
2704,2649
2119,443
784,443
1835,443
1296,443
1198,443
66,102
1368,102
2622,257
401,257
609,2541
140,470
470,140
949,272
2492,1193
1261,707
1852,2056
96,1703
1142,1703
389,1294
1294,389
246,1675
439,2064
1410,1614
1486,1081
713,1081
1917,2522
2329,1107
986,2450
2478,998
320,998
998,2478
998,320
752,320
15,2178
1147,2443
1785,133
2201,741
59,2564
1622,2564
2415,1626
1002,1626
1956,1626
1023,1626
341,1540
1061,603
190,2278
1821,2278
1485,2278
2460,2278
104,269
1620,2383
1961,2383
2388,2383
1620,2341
794,2341
2420,2341
299,1262
590,1262
2595,650
610,1228
1015,1228
311,1228
2142,2501
1684,2501
318,2501
1363,1227
1603,1227
2467,935
384,935
2266,935
935,2266
2156,1891
1475,1891
1237,545
1237,2227
2143,1532
1815,2565
1812,1225
1763,1225
1812,571
786,571
1763,571
534,1031
1885,1031
2485,441
1768,1473
1473,1768
228,1112
453,1112
2582,1112
1422,1112
2203,1112
1942,1112
1704,1942
228,1942
453,1942
1422,1942
1112,1942
1470,955
2355,1883
1307,1883
1995,1883
1566,588
1325,588
424,588
1334,588
1090,588
2033,588
2546,588
1249,588
1389,588
91,588
297,588
1384,588
302,588
2428,588
588,297
2625,1384
2546,1384
588,1384
1334,302
588,302
2428,302
1334,2428
588,2428
302,2428
2605,2172
2518,2172
2449,1642
2546,1642
2625,1348
1090,1348
2546,1348
782,1995
2546,1995
1746,1995
1883,1995
1615,1995
2615,1100
1648,1100
1121,25
629,25
2658,25
35,25
1905,25
782,1615
1995,1615
25,1905
1646,2400
586,2400
3,1123
2214,1123
1685,1123
2441,1123
1024,2435
488,2435
1024,2397
2180,2397
1024,2180
488,2180
2397,2180
2202,1059
1194,1059
611,2416
1050,665
2588,665
1427,921
320,752
1259,288
233,288
1259,233
288,233
102,1368
482,123
2556,1792
1825,1792
1081,713
328,2215
96,1142
1703,1142
2504,1943
2001,1943
1269,1605
2530,442
951,1239
2057,339
1206,339
2044,339
373,339
2057,373
882,373
2044,373
339,373
